1.0,-0.03,1
1.0,-0.06,1
0.99,-0.09,1
0.99,-0.12,1
0.98,-0.15,2
0.97,-0.18,1
0.96,-0.21,2
0.94,-0.24,3
0.93,-0.27,1
0.91,-0.29,1
0.89,-0.31,2
0.87,-0.34,2
0.85,-0.36,2
0.83,-0.38,1
0.8,-0.39,1
0.78,-0.41,2
0.76,-0.42,2
0.73,-0.43,1
0.71,-0.44,1
0.68,-0.45,1
0.65,-0.46,1
0.63,-0.46,1
0.6,-0.46,1
0.58,-0.46,1
0.55,-0.46,2
0.53,-0.46,2
0.5,-0.46,2
0.48,-0.45,1
0.46,-0.45,1
0.43,-0.44,2
0.41,-0.43,1
0.39,-0.42,2
0.37,-0.41,2
0.35,-0.39,4
0.34,-0.38,2
0.32,-0.37,1
0.3,-0.35,1
0.29,-0.33,3
0.27,-0.32,2
0.26,-0.3,1
0.25,-0.28,1
0.23,-0.26,1
0.22,-0.24,1
0.21,-0.22,2
0.21,-0.2,1
0.2,-0.18,1
0.19,-0.15,2
0.19,-0.13,1
0.18,-0.11,2
0.18,-0.08,2
0.18,-0.06,1
0.17,-0.03,1
0.17,-0.01,1
0.17,0.02,2
0.18,0.05,2
0.18,0.08,3
0.18,0.11,1
0.19,0.14,3
0.2,0.17,3
0.21,0.2,3
0.22,0.23,1
0.23,0.27,1
0.25,0.3,2
0.26,0.34,1
0.28,0.37,1
0.31,0.41,1
0.33,0.45,1
0.37,0.49,1
0.4,0.54,1
0.44,0.58,1
0.49,0.63,1
0.55,0.67,1
0.62,0.72,1
0.7,0.77,1
0.8,0.81,2
0.91,0.84,1
1.05,0.86,1
1.22,0.86,1
1.4,0.82,1
1.61,0.73,1
1.8,0.56,1
1.96,0.31,1
2.03,-0.01,1
1.96,-0.35,1
1.77,-0.63,1
1.5,-0.81,1
1.22,-0.87,1
0.97,-0.84,1
0.77,-0.75,1
0.61,-0.63,2
0.5,-0.49,1
0.42,-0.34,1
0.38,-0.17,4
0.37,0.01,3
0.4,0.23,2
0.52,0.51,2
0.94,0.9,1
2.39,0.3,1
0.74,-0.8,1
0.65,0.65,1
0.68,0.64,1
0.72,0.64,1
0.75,0.63,1
0.79,0.62,1
0.82,0.6,1
0.86,0.59,1
0.89,0.57,1
0.93,0.55,1
0.96,0.53,1
1.0,0.5,1
1.03,0.48,1
1.06,0.45,1
1.09,0.41,1
1.12,0.38,1
1.15,0.34,1
1.17,0.3,1
1.19,0.25,1
1.21,0.21,1
1.23,0.16,1
1.24,0.11,2
1.25,0.06,1
1.25,0.01,1
1.25,-0.04,1
1.25,-0.09,2
1.24,-0.14,3
1.23,-0.19,3
1.21,-0.23,1
1.19,-0.28,2
1.16,-0.32,2
1.14,-0.36,1
1.11,-0.4,1
1.07,-0.44,1
1.04,-0.47,1
1.0,-0.5,1
0.96,-0.52,1
0.92,-0.54,1
0.88,-0.56,1
0.84,-0.57,1
0.8,-0.58,1
0.76,-0.59,1
0.72,-0.59,2
0.68,-0.59,1
0.64,-0.58,2
0.6,-0.58,1
0.56,-0.57,1
0.53,-0.56,1
0.5,-0.54,2
0.46,-0.53,2
0.43,-0.51,1
0.41,-0.49,1
0.38,-0.47,2
0.35,-0.44,4
0.33,-0.42,1
0.31,-0.4,1
0.29,-0.37,2
0.27,-0.34,2
0.26,-0.31,1
0.24,-0.28,2
0.23,-0.25,3
0.22,-0.22,1
0.21,-0.19,2
0.2,-0.16,2
0.2,-0.12,2
0.19,-0.09,2
0.19,-0.05,2
0.19,-0.01,2
0.19,0.03,2
0.19,0.07,3
0.2,0.11,2
0.21,0.15,2
0.22,0.2,1
0.23,0.24,1
0.25,0.29,1
0.27,0.34,2
0.29,0.4,2
0.32,0.46,1
0.36,0.52,1
0.41,0.59,1
0.47,0.66,2
0.54,0.74,1
0.64,0.82,2
0.77,0.91,1
0.94,0.98,1
1.17,1.04,1
1.48,1.03,1
1.85,0.9,1
2.23,0.55,1
2.39,-0.05,1
2.16,-0.67,1
1.67,-1.02,1
1.17,-1.05,1
0.81,-0.91,1
0.57,-0.7,1
0.43,-0.47,1
0.35,-0.23,2
0.33,0.05,2
0.41,0.4,1
0.88,0.99,1
2.25,-1.03,1
0.37,0.16,2
0.38,0.16,2
0.39,0.16,3
0.4,0.16,3
0.41,0.17,2
0.42,0.17,3
0.43,0.17,1
0.44,0.17,1
0.45,0.17,2
0.46,0.17,1
0.47,0.17,3
0.48,0.17,1
0.49,0.17,2
0.5,0.17,2
0.51,0.17,3
0.52,0.16,3
0.53,0.16,1
0.54,0.16,3
0.55,0.15,1
0.56,0.15,1
0.57,0.15,1
0.58,0.14,2
0.59,0.14,2
0.6,0.14,3
0.6,0.13,2
0.61,0.13,2
0.62,0.12,2
0.63,0.12,3
0.63,0.11,1
0.64,0.1,2
0.65,0.1,2
0.65,0.09,1
0.66,0.09,2
0.67,0.08,1
0.67,0.07,1
0.68,0.06,5
0.69,0.05,4
0.69,0.04,4
0.69,0.03,2
0.7,0.03,4
0.7,0.02,5
0.7,0.01,1
0.7,0.0,2
0.7,-0.01,1
0.7,-0.02,2
0.7,-0.03,2
0.7,-0.04,3
0.69,-0.04,3
0.69,-0.05,3
0.68,-0.05,3
0.67,-0.05,4
0.66,-0.04,2
0.66,-0.03,2
0.65,-0.02,2
0.65,-0.01,2
0.65,0.0,2
0.66,0.01,1
0.66,0.02,1
0.66,0.03,4
0.67,0.05,3
0.69,0.07,1
0.7,0.09,3
0.71,0.1,1
0.73,0.12,2
0.75,0.13,2
0.77,0.14,2
0.8,0.15,2
0.83,0.16,1
0.87,0.17,2
0.91,0.16,1
0.95,0.15,1
0.99,0.13,3
1.03,0.1,1
1.06,0.06,2
1.08,0.0,2
1.07,-0.06,1
1.04,-0.11,1
0.91,-0.14,1
0.85,-0.09,1
0.83,0.0,1
0.9,0.12,2
1.14,0.07,1
0.87,-0.08,2
0.87,-0.1,2
0.86,-0.13,1
0.85,-0.15,2
0.84,-0.17,1
0.83,-0.19,1
0.82,-0.21,2
0.81,-0.23,2
0.79,-0.25,2
0.78,-0.27,2
0.76,-0.28,2
0.75,-0.3,1
0.73,-0.31,2
0.71,-0.32,2
0.69,-0.34,1
0.68,-0.35,1
0.66,-0.35,2
0.64,-0.36,1
0.62,-0.37,1
0.6,-0.37,1
0.58,-0.37,1
0.56,-0.38,2
0.54,-0.38,1
0.52,-0.38,3
0.5,-0.37,1
0.48,-0.37,1
0.46,-0.37,1
0.44,-0.36,1
0.43,-0.36,1
0.41,-0.35,2
0.39,-0.34,1
0.38,-0.33,1
0.36,-0.32,1
0.35,-0.31,1
0.33,-0.3,2
0.32,-0.28,2
0.31,-0.27,2
0.3,-0.26,2
0.28,-0.24,2
0.27,-0.22,1
0.26,-0.21,1
0.26,-0.19,1
0.25,-0.17,3
0.24,-0.15,2
0.24,-0.13,3
0.23,-0.12,2
0.23,-0.1,2
0.22,-0.07,1
0.22,-0.05,3
0.22,-0.03,2
0.22,-0.01,2
0.22,0.01,1
0.22,0.04,1
0.22,0.06,2
0.23,0.09,2
0.23,0.11,1
0.24,0.14,2
0.25,0.17,2
0.26,0.19,1
0.27,0.22,1
0.28,0.25,1
0.3,0.28,2
0.31,0.31,2
0.33,0.34,2
0.36,0.37,1
0.38,0.41,2
0.41,0.44,3
0.44,0.47,2
0.48,0.51,1
0.52,0.54,1
0.57,0.58,1
0.63,0.61,1
0.7,0.64,1
0.77,0.67,2
0.86,0.69,1
0.96,0.71,1
1.08,0.71,1
1.2,0.68,1
1.34,0.63,1
1.48,0.54,1
1.61,0.41,1
1.71,0.23,1
1.75,0.01,1
1.72,-0.22,1
1.62,-0.43,1
1.45,-0.59,1
1.25,-0.68,1
1.05,-0.7,1
0.87,-0.67,1
0.73,-0.59,2
0.61,-0.49,2
0.46,-0.24,2
0.43,-0.09,3
0.43,0.08,3
0.49,0.28,2
0.65,0.54,2
1.15,0.8,1
2.1,-0.1,1
0.73,-0.63,3
0.81,0.65,3
0.84,0.64,1
0.88,0.62,1
0.92,0.61,2
0.95,0.58,2
0.99,0.56,1
1.03,0.53,1
1.06,0.5,2
1.1,0.47,3
1.13,0.44,2
1.16,0.4,2
1.19,0.36,2
1.21,0.31,1
1.23,0.27,1
1.25,0.22,2
1.27,0.17,3
1.28,0.12,1
1.29,0.07,2
1.29,0.01,3
1.29,-0.04,3
1.29,-0.09,2
1.28,-0.15,3
1.27,-0.2,3
1.25,-0.25,3
1.23,-0.3,3
1.2,-0.34,3
1.17,-0.39,1
1.14,-0.43,2
1.11,-0.46,3
1.07,-0.5,3
1.03,-0.53,2
0.99,-0.55,1
0.95,-0.57,2
0.9,-0.59,1
0.86,-0.61,1
0.82,-0.62,2
0.78,-0.63,2
0.69,-0.63,2
0.65,-0.63,2
0.61,-0.62,2
0.57,-0.61,1
0.54,-0.6,2
0.5,-0.59,3
0.47,-0.58,2
0.44,-0.56,1
0.41,-0.54,1
0.38,-0.52,3
0.35,-0.5,2
0.33,-0.47,2
0.3,-0.45,3
0.28,-0.42,1
0.26,-0.4,1
0.24,-0.37,2
0.23,-0.34,1
0.21,-0.31,2
0.2,-0.28,3
0.19,-0.25,1
0.18,-0.22,2
0.17,-0.19,2
0.16,-0.16,2
0.16,-0.12,2
0.15,-0.09,2
0.15,-0.05,2
0.15,-0.01,3
0.15,0.02,2
0.15,0.06,1
0.16,0.1,2
0.16,0.15,2
0.17,0.19,1
0.19,0.24,2
0.2,0.28,2
0.22,0.33,1
0.24,0.39,2
0.26,0.44,1
0.3,0.51,2
0.33,0.57,1
0.38,0.64,1
0.44,0.72,2
0.52,0.8,1
0.62,0.89,1
0.75,0.98,1
0.92,1.06,1
1.16,1.13,1
1.47,1.15,1
1.88,1.05,1
2.31,0.72,1
2.57,0.1,1
2.41,-0.62,1
1.9,-1.08,1
1.34,-1.18,1
0.91,-1.06,1
0.63,-0.85,1
0.45,-0.62,2
0.3,-0.15,2
0.31,0.13,1
0.41,0.51,2
1.03,1.18,1
1.84,-1.39,1
0.35,0.25,1
0.36,0.25,2
0.38,0.26,1
0.39,0.26,1
0.4,0.26,1
0.41,0.26,1
0.42,0.27,1
0.44,0.27,2
0.45,0.27,3
0.46,0.27,2
0.47,0.27,1
0.49,0.27,1
0.5,0.27,1
0.52,0.27,3
0.53,0.26,1
0.54,0.26,2
0.56,0.26,1
0.57,0.26,1
0.58,0.25,1
0.6,0.25,2
0.61,0.24,3
0.63,0.24,2
0.64,0.23,1
0.65,0.22,2
0.67,0.21,1
0.68,0.2,1
0.69,0.19,1
0.7,0.18,1
0.71,0.17,2
0.73,0.16,2
0.74,0.15,1
0.75,0.14,1
0.76,0.12,2
0.76,0.11,2
0.77,0.1,2
0.78,0.08,2
0.78,0.07,2
0.79,0.05,1
0.79,0.04,1
0.79,0.02,1
0.8,0.01,1
0.8,-0.01,1
0.8,-0.03,2
0.79,-0.04,1
0.79,-0.06,1
0.79,-0.07,1
0.78,-0.08,1
0.78,-0.1,2
0.77,-0.11,1
0.76,-0.12,1
0.75,-0.13,1
0.74,-0.14,1
0.73,-0.15,2
0.72,-0.15,3
0.71,-0.16,1
0.7,-0.16,2
0.69,-0.17,1
0.67,-0.17,2
0.66,-0.17,2
0.65,-0.16,4
0.64,-0.16,1
0.62,-0.16,3
0.61,-0.15,1
0.6,-0.14,1
0.59,-0.13,3
0.58,-0.12,1
0.57,-0.11,2
0.56,-0.1,3
0.56,-0.08,1
0.55,-0.06,2
0.55,-0.05,1
0.55,-0.03,1
0.55,-0.01,1
0.55,0.02,1
0.55,0.04,1
0.56,0.06,2
0.57,0.09,3
0.58,0.12,2
0.62,0.17,2
0.64,0.2,2
0.67,0.23,2
0.71,0.26,1
0.75,0.28,2
0.81,0.3,1
0.87,0.31,1
0.94,0.32,2
1.02,0.3,1
1.11,0.26,1
1.19,0.19,1
1.25,0.08,1
1.26,-0.05,2
1.22,-0.18,1
1.11,-0.28,1
0.97,-0.31,1
0.83,-0.26,1
0.84,0.25,1
1.33,0.15,1
0.74,-0.11,1
0.73,-0.12,1
0.73,-0.14,1
0.71,-0.17,2
0.7,-0.18,1
0.69,-0.19,2
0.68,-0.2,1
0.67,-0.22,1
0.66,-0.23,1
0.65,-0.24,2
0.63,-0.24,2
0.62,-0.25,2
0.61,-0.26,1
0.59,-0.27,1
0.58,-0.27,2
0.57,-0.28,2
0.55,-0.28,1
0.54,-0.28,1
0.52,-0.28,2
0.51,-0.28,2
0.5,-0.28,1
0.48,-0.28,1
0.47,-0.28,2
0.45,-0.28,2
0.44,-0.27,1
0.43,-0.27,1
0.41,-0.26,2
0.4,-0.26,2
0.39,-0.25,1
0.38,-0.24,2
0.37,-0.23,1
0.36,-0.22,2
0.35,-0.21,1
0.34,-0.2,1
0.33,-0.19,2
0.32,-0.18,2
0.31,-0.16,2
0.31,-0.15,1
0.3,-0.14,3
0.29,-0.12,1
0.29,-0.11,3
0.29,-0.09,2
0.28,-0.08,1
0.28,-0.06,2
0.28,-0.04,4
0.28,-0.02,3
0.28,-0.01,1
0.28,0.01,2
0.28,0.03,3
0.28,0.05,1
0.28,0.07,1
0.29,0.09,1
0.3,0.11,1
0.3,0.14,2
0.31,0.16,2
0.32,0.18,1
0.33,0.2,1
0.34,0.23,1
0.37,0.28,1
0.39,0.3,2
0.41,0.33,2
0.44,0.35,3
0.46,0.38,1
0.49,0.4,1
0.52,0.43,2
0.56,0.45,1
0.6,0.48,1
0.65,0.5,1
0.7,0.52,1
0.76,0.54,1
0.82,0.55,1
0.89,0.55,1
0.97,0.55,1
1.06,0.54,2
1.15,0.51,1
1.24,0.46,1
1.33,0.38,1
1.41,0.29,1
1.47,0.17,1
1.5,0.02,1
1.49,-0.13,1
1.44,-0.27,1
1.35,-0.39,1
1.23,-0.48,1
1.09,-0.53,1
0.95,-0.53,2
0.83,-0.51,2
0.72,-0.45,1
0.63,-0.37,1
0.56,-0.27,2
0.52,-0.16,1
0.5,-0.03,5
0.52,0.13,4
0.6,0.3,1
0.79,0.51,1
1.29,0.6,1
1.74,-0.25,1
0.74,-0.48,1
0.97,0.58,2
1.0,0.56,2
1.04,0.53,1
1.07,0.5,1
1.14,0.43,1
1.17,0.39,2
1.19,0.35,2
1.22,0.31,2
1.24,0.26,1
1.26,0.21,2
1.28,0.11,2
1.29,0.06,1
1.29,-0.1,1
1.18,-0.39,2
1.04,-0.53,1
1.0,-0.56,1
0.96,-0.58,1
0.91,-0.6,2
0.87,-0.61,3
0.83,-0.63,1
0.79,-0.63,2
0.74,-0.64,1
0.7,-0.64,2
0.66,-0.64,2
0.62,-0.64,2
0.58,-0.63,1
0.55,-0.62,3
0.51,-0.61,2
0.48,-0.6,3
0.44,-0.58,2
0.41,-0.57,1
0.38,-0.55,1
0.36,-0.53,4
0.33,-0.51,2
0.31,-0.48,3
0.28,-0.46,3
0.26,-0.44,1
0.24,-0.41,4
0.23,-0.38,2
0.21,-0.36,5
0.2,-0.33,3
0.18,-0.3,6
0.17,-0.27,4
0.16,-0.24,3
0.15,-0.21,4
0.14,-0.18,5
0.14,-0.15,2
0.13,-0.11,4
0.13,-0.08,1
0.13,-0.04,4
0.13,-0.01,2
0.13,0.03,1
0.13,0.07,4
0.13,0.11,5
0.14,0.15,3
0.15,0.19,2
0.16,0.23,2
0.17,0.28,3
0.19,0.33,3
0.21,0.38,3
0.23,0.43,1
0.26,0.49,3
0.29,0.55,3
0.33,0.61,2
0.38,0.68,2
0.45,0.76,1
0.52,0.84,1
0.62,0.93,1
0.76,1.02,2
0.93,1.11,1
1.17,1.18,1
1.48,1.2,1
1.88,1.11,1
2.33,0.81,1
2.63,0.22,1
2.55,-0.52,1
2.08,-1.06,1
1.5,-1.23,1
1.04,-1.15,1
0.71,-0.97,1
0.51,-0.75,1
0.38,-0.53,3
0.31,-0.3,2
0.3,0.22,1
0.44,0.63,1
1.3,1.36,1
1.39,-1.43,1
0.36,0.35,2
0.37,0.35,1
0.39,0.36,1
0.41,0.36,1
0.42,0.36,1
0.44,0.37,2
0.46,0.37,2
0.47,0.37,2
0.49,0.37,2
0.51,0.37,1
0.53,0.37,2
0.55,0.36,1
0.57,0.36,1
0.59,0.36,2
0.6,0.35,2
0.62,0.35,2
0.64,0.34,1
0.66,0.33,1
0.68,0.32,1
0.7,0.31,1
0.72,0.3,1
0.74,0.29,1
0.77,0.27,1
0.79,0.25,1
0.81,0.23,1
0.82,0.22,2
0.83,0.2,1
0.85,0.18,1
0.86,0.16,1
0.87,0.14,2
0.88,0.12,1
0.89,0.09,1
0.9,0.07,1
0.9,0.05,2
0.9,0.02,2
0.91,0.0,2
0.9,-0.03,3
0.9,-0.05,1
0.9,-0.07,2
0.89,-0.1,2
0.89,-0.12,1
0.88,-0.14,2
0.87,-0.16,1
0.85,-0.18,1
0.84,-0.2,1
0.79,-0.24,1
0.77,-0.25,1
0.75,-0.26,2
0.73,-0.27,2
0.71,-0.27,2
0.69,-0.28,2
0.67,-0.28,1
0.65,-0.28,2
0.63,-0.27,1
0.61,-0.27,1
0.59,-0.26,2
0.57,-0.25,2
0.55,-0.24,2
0.54,-0.23,1
0.52,-0.21,1
0.51,-0.2,2
0.49,-0.18,4
0.48,-0.16,2
0.47,-0.14,2
0.46,-0.12,4
0.46,-0.1,3
0.45,-0.07,2
0.45,-0.04,4
0.45,-0.02,4
0.45,0.01,3
0.45,0.04,5
0.46,0.08,5
0.47,0.11,3
0.48,0.14,3
0.49,0.18,3
0.52,0.22,1
0.58,0.3,2
0.62,0.34,1
0.67,0.38,2
0.73,0.42,2
0.81,0.45,2
0.9,0.47,1
1.02,0.47,1
1.15,0.44,1
1.28,0.37,1
1.41,0.24,1
1.48,0.04,1
1.45,-0.19,1
1.31,-0.38,1
1.09,-0.47,2
0.88,-0.45,1
0.71,-0.33,1
0.61,-0.16,2
0.6,0.08,2
0.79,0.39,1
1.59,0.17,1
0.62,-0.09,1
0.62,-0.1,1
0.61,-0.11,1
0.61,-0.12,1
0.6,-0.12,2
0.59,-0.14,1
0.58,-0.15,2
0.57,-0.15,3
0.57,-0.16,1
0.56,-0.16,1
0.55,-0.17,1
0.54,-0.17,2
0.53,-0.18,1
0.52,-0.18,1
0.51,-0.18,3
0.5,-0.19,1
0.49,-0.19,1
0.48,-0.19,1
0.47,-0.19,2
0.46,-0.18,2
0.45,-0.18,1
0.44,-0.18,2
0.43,-0.17,1
0.42,-0.17,2
0.41,-0.16,1
0.4,-0.16,1
0.4,-0.15,1
0.39,-0.14,3
0.38,-0.14,1
0.38,-0.13,1
0.37,-0.12,1
0.37,-0.11,2
0.36,-0.1,1
0.36,-0.09,2
0.35,-0.08,1
0.35,-0.07,1
0.35,-0.06,1
0.35,-0.05,2
0.34,-0.04,2
0.34,-0.02,1
0.34,-0.01,1
0.34,0.0,2
0.34,0.02,1
0.35,0.03,1
0.35,0.05,1
0.35,0.06,1
0.36,0.08,2
0.36,0.09,1
0.37,0.11,2
0.37,0.13,1
0.38,0.14,3
0.4,0.18,1
0.41,0.19,2
0.43,0.21,2
0.44,0.23,1
0.46,0.25,2
0.48,0.27,1
0.5,0.28,2
0.52,0.3,2
0.54,0.32,1
0.57,0.34,2
0.63,0.37,2
0.66,0.38,1
0.7,0.39,2
0.74,0.4,1
0.79,0.41,1
0.84,0.41,1
0.89,0.4,1
0.95,0.39,1
1.0,0.37,1
1.06,0.35,1
1.12,0.31,2
1.17,0.26,2
1.22,0.2,2
1.25,0.12,2
1.27,0.04,1
1.28,-0.05,1
1.26,-0.14,1
1.21,-0.22,1
1.15,-0.29,1
1.08,-0.34,1
0.99,-0.37,1
0.9,-0.37,1
0.82,-0.35,1
0.74,-0.31,1
0.68,-0.25,1
0.63,-0.18,1
0.6,-0.08,2
0.6,0.02,1
0.63,0.15,1
0.72,0.29,2
0.92,0.41,1
1.3,0.36,1
1.45,-0.25,1
0.78,-0.34,1
1.08,0.44,2
1.11,0.4,2
1.14,0.36,1
1.16,0.32,1
1.18,0.28,1
1.2,0.24,2
1.22,0.19,1
1.23,0.15,1
1.24,0.1,1
1.25,0.05,2
1.25,0.0,1
1.25,-0.05,1
1.21,-0.24,1
1.17,-0.33,1
1.14,-0.37,1
1.12,-0.4,1
1.09,-0.44,1
1.05,-0.47,1
1.02,-0.5,1
0.98,-0.53,1
0.94,-0.55,1
0.9,-0.57,1
0.87,-0.59,2
0.83,-0.6,1
0.79,-0.61,1
0.75,-0.62,1
0.71,-0.62,1
0.67,-0.62,2
0.63,-0.62,1
0.59,-0.62,1
0.56,-0.61,3
0.52,-0.6,2
0.49,-0.59,2
0.46,-0.58,2
0.43,-0.57,1
0.4,-0.55,1
0.37,-0.53,2
0.35,-0.52,4
0.32,-0.5,5
0.3,-0.48,5
0.28,-0.45,3
0.26,-0.43,4
0.22,-0.38,4
0.19,-0.33,2
0.17,-0.28,4
0.16,-0.25,5
0.15,-0.22,4
0.14,-0.19,4
0.13,-0.16,2
0.13,-0.13,3
0.12,-0.1,1
0.12,-0.06,5
0.12,-0.03,2
0.12,0.0,2
0.12,0.04,2
0.12,0.08,2
0.13,0.15,1
0.14,0.19,1
0.15,0.23,1
0.17,0.27,2
0.18,0.32,2
0.2,0.37,2
0.22,0.42,3
0.24,0.47,2
0.28,0.53,4
0.31,0.59,2
0.36,0.65,2
0.41,0.72,1
0.48,0.79,1
0.56,0.87,1
0.66,0.95,1
0.8,1.03,1
0.97,1.11,1
1.2,1.17,1
1.51,1.17,1
1.88,1.08,1
2.28,0.79,1
2.57,0.26,1
2.54,-0.41,1
2.16,-0.95,1
1.63,-1.18,1
1.16,-1.17,1
0.82,-1.03,2
0.59,-0.84,1
0.44,-0.63,1
0.34,-0.42,2
0.29,-0.21,1
0.32,0.32,1
0.52,0.75,2
1.72,1.4,1
1.06,-1.29,1
0.39,0.45,1
0.41,0.45,3
0.43,0.46,2
0.46,0.46,1
0.48,0.46,1
0.5,0.46,1
0.52,0.46,2
0.54,0.46,2
0.57,0.46,1
0.59,0.45,1
0.62,0.45,1
0.64,0.44,1
0.66,0.44,1
0.69,0.43,1
0.71,0.42,1
0.74,0.41,1
0.76,0.4,1
0.79,0.38,1
0.81,0.37,1
0.83,0.35,1
0.86,0.33,1
0.88,0.31,1
0.9,0.29,1
0.92,0.27,1
0.94,0.24,1
0.95,0.22,2
0.97,0.19,1
0.98,0.16,1
1.0,0.1,1
1.01,0.07,1
1.01,0.04,3
1.02,0.0,2
1.02,-0.03,1
1.01,-0.06,2
1.01,-0.09,1
1.0,-0.13,1
0.99,-0.16,1
0.98,-0.19,1
0.92,-0.26,1
0.9,-0.29,2
0.88,-0.31,2
0.86,-0.32,1
0.83,-0.34,1
0.8,-0.35,1
0.78,-0.36,1
0.75,-0.37,1
0.72,-0.38,1
0.69,-0.38,2
0.67,-0.38,2
0.64,-0.38,1
0.61,-0.37,1
0.59,-0.37,1
0.56,-0.36,1
0.54,-0.35,2
0.52,-0.33,1
0.49,-0.32,1
0.47,-0.3,2
0.44,-0.26,2
0.42,-0.24,2
0.41,-0.22,2
0.39,-0.19,1
0.37,-0.14,3
0.36,-0.08,2
0.36,-0.05,1
0.36,-0.01,2
0.36,0.02,2
0.36,0.06,2
0.37,0.09,1
0.38,0.13,3
0.39,0.17,2
0.41,0.22,1
0.43,0.26,1
0.46,0.31,2
0.49,0.36,1
0.53,0.41,1
0.59,0.46,1
0.65,0.51,1
0.74,0.56,1
0.84,0.6,1
0.97,0.63,1
1.14,0.63,1
1.33,0.58,1
1.53,0.44,1
1.68,0.2,1
1.71,-0.13,1
1.56,-0.44,1
1.28,-0.62,1
0.99,-0.63,1
0.75,-0.53,1
0.59,-0.35,2
0.5,-0.13,1
0.77,0.54,2
1.91,0.09,1
0.52,-0.04,1
0.52,-0.05,4
0.51,-0.06,2
0.51,-0.07,3
0.5,-0.07,1
0.5,-0.08,2
0.49,-0.08,2
0.48,-0.08,1
0.48,-0.09,2
0.47,-0.09,3
0.46,-0.09,2
0.45,-0.08,3
0.44,-0.08,1
0.44,-0.07,3
0.43,-0.07,2
0.43,-0.06,2
0.42,-0.05,2
0.42,-0.04,3
0.42,-0.03,2
0.42,-0.02,1
0.42,-0.01,2
0.42,0.0,2
0.42,0.01,1
0.42,0.02,2
0.42,0.03,1
0.42,0.04,1
0.43,0.05,2
0.43,0.06,4
0.43,0.07,1
0.44,0.08,5
0.44,0.09,2
0.45,0.1,3
0.46,0.11,4
0.46,0.12,1
0.47,0.13,1
0.49,0.15,3
0.5,0.16,1
0.51,0.18,1
0.53,0.19,2
0.54,0.2,2
0.56,0.21,1
0.57,0.22,2
0.59,0.23,1
0.63,0.25,1
0.65,0.25,2
0.68,0.26,1
0.7,0.26,1
0.73,0.27,2
0.76,0.27,1
0.79,0.27,1
0.82,0.27,1
0.85,0.26,1
0.89,0.25,1
0.92,0.23,2
0.99,0.19,1
1.01,0.16,1
1.04,0.13,2
1.06,0.09,1
1.08,0.05,1
1.08,-0.05,1
1.07,-0.1,1
1.05,-0.14,2
1.02,-0.17,1
0.98,-0.2,2
0.93,-0.22,1
0.88,-0.22,2
0.83,-0.21,1
0.79,-0.19,2
0.75,-0.15,1
0.72,-0.1,1
0.71,-0.03,2
0.71,0.04,4
0.83,0.21,1
0.99,0.26,1
1.21,0.17,1
1.23,-0.17,1
0.85,-0.22,1
1.12,0.25,2
1.13,0.21,1
1.15,0.17,2
1.16,0.13,1
1.17,0.09,1
1.17,0.04,1
1.17,0.0,1
1.17,-0.04,1
1.17,-0.08,1
1.16,-0.13,2
1.15,-0.17,1
1.14,-0.21,1
1.12,-0.25,1
1.1,-0.29,1
1.08,-0.32,1
1.06,-0.36,1
1.03,-0.39,1
1.01,-0.42,1
0.98,-0.45,1
0.95,-0.47,1
0.91,-0.5,2
0.88,-0.52,1
0.85,-0.53,1
0.81,-0.55,1
0.78,-0.56,1
0.74,-0.57,1
0.71,-0.57,1
0.67,-0.58,1
0.61,-0.58,1
0.57,-0.57,1
0.54,-0.57,1
0.51,-0.56,1
0.48,-0.55,2
0.45,-0.54,1
0.42,-0.53,1
0.4,-0.52,1
0.37,-0.5,3
0.35,-0.49,1
0.32,-0.47,2
0.28,-0.43,1
0.26,-0.41,2
0.25,-0.39,2
0.23,-0.36,1
0.21,-0.34,2
0.2,-0.32,2
0.19,-0.29,1
0.18,-0.27,2
0.17,-0.24,1
0.16,-0.22,3
0.15,-0.19,2
0.14,-0.16,4
0.14,-0.13,2
0.13,-0.1,2
0.13,-0.07,4
0.13,0.02,2
0.13,0.05,3
0.13,0.09,3
0.14,0.12,2
0.15,0.16,2
0.18,0.27,2
0.19,0.31,2
0.21,0.36,1
0.23,0.4,1
0.25,0.45,2
0.28,0.5,1
0.32,0.55,1
0.36,0.61,1
0.4,0.67,1
0.46,0.73,1
0.53,0.8,1
0.62,0.87,1
0.73,0.94,1
0.86,1.0,1
1.03,1.06,1
1.25,1.09,1
1.53,1.07,1
1.84,0.95,1
2.17,0.69,1
2.4,0.25,1
2.39,-0.3,1
2.12,-0.78,1
1.7,-1.05,1
1.28,-1.1,1
0.94,-1.02,1
0.69,-0.87,1
0.52,-0.7,1
0.41,-0.51,1
0.34,-0.32,1
0.3,-0.12,2
0.31,0.11,2
0.64,0.85,1
2.2,1.17,1
0.87,-1.1,1
0.46,0.54,1
0.49,0.55,1
0.51,0.55,1
0.54,0.55,1
0.57,0.55,1
0.59,0.54,1
0.62,0.54,1
0.68,0.53,2
0.71,0.52,1
0.74,0.51,1
0.77,0.5,1
0.8,0.49,2
0.83,0.47,1
0.86,0.45,1
0.89,0.44,1
0.91,0.41,1
0.94,0.39,1
0.97,0.37,1
0.99,0.34,1
1.01,0.31,1
1.04,0.28,2
1.06,0.24,1
1.07,0.21,1
1.09,0.17,1
1.1,0.13,1
1.11,0.1,1
1.12,0.06,1
1.12,0.02,1
1.12,-0.03,1
1.12,-0.07,1
1.11,-0.11,1
1.1,-0.15,1
1.09,-0.19,1
1.07,-0.22,1
1.05,-0.26,1
1.03,-0.29,1
1.01,-0.32,1
0.98,-0.35,1
0.95,-0.38,1
0.92,-0.4,2
0.89,-0.42,2
0.86,-0.44,1
0.83,-0.45,1
0.79,-0.46,1
0.76,-0.47,1
0.72,-0.47,3
0.69,-0.47,1
0.66,-0.47,1
0.62,-0.47,1
0.59,-0.46,2
0.56,-0.45,1
0.53,-0.44,2
0.51,-0.43,1
0.48,-0.41,1
0.45,-0.39,1
0.43,-0.37,2
0.39,-0.33,2
0.37,-0.31,2
0.35,-0.28,1
0.34,-0.26,1
0.32,-0.23,1
0.31,-0.2,1
0.3,-0.17,2
0.28,-0.07,2
0.28,0.0,3
0.28,0.04,2
0.29,0.08,2
0.3,0.12,2
0.32,0.2,2
0.34,0.25,2
0.36,0.3,2
0.38,0.35,2
0.42,0.41,1
0.46,0.47,1
0.51,0.53,1
0.58,0.59,1
0.67,0.65,2
0.77,0.72,1
0.92,0.77,1
1.1,0.8,1
1.33,0.78,1
1.6,0.68,1
1.86,0.42,1
1.98,0.01,1
1.86,-0.44,1
1.53,-0.74,1
1.14,-0.81,1
0.82,-0.72,1
0.61,-0.54,1
0.48,-0.32,1
0.42,-0.07,3
0.46,0.24,2
0.78,0.7,1
2.23,-0.2,1
0.45,0.03,3
0.45,0.02,7
0.46,0.02,4
0.46,0.01,16
0.47,0.01,10
0.47,0.02,7
0.48,0.02,5
0.48,0.03,5
0.49,0.03,3
0.49,0.04,7
0.5,0.04,5
0.5,0.05,5
0.51,0.05,8
0.51,0.06,2
0.52,0.06,6
0.52,0.07,3
0.53,0.07,4
0.53,0.08,1
0.54,0.08,3
0.55,0.08,3
0.55,0.09,1
0.56,0.09,4
0.56,0.1,1
0.57,0.1,1
0.58,0.1,2
0.59,0.11,2
0.6,0.11,3
0.61,0.12,1
0.64,0.13,1
0.65,0.13,2
0.66,0.13,1
0.67,0.14,2
0.68,0.14,1
0.7,0.14,1
0.71,0.14,3
0.73,0.14,2
0.74,0.14,2
0.76,0.14,2
0.79,0.13,2
0.8,0.13,2
0.82,0.12,1
0.84,0.11,2
0.85,0.1,1
0.87,0.09,1
0.88,0.08,2
0.89,0.07,1
0.91,0.05,2
0.92,0.04,2
0.92,0.02,1
0.93,0.0,2
0.93,-0.02,2
0.93,-0.03,3
0.92,-0.05,1
0.91,-0.06,2
0.89,-0.07,2
0.87,-0.07,1
0.86,-0.07,1
0.84,-0.05,2
0.84,-0.03,2
0.83,-0.01,1
0.84,0.03,2
0.87,0.06,2
0.91,0.09,1
0.98,0.1,2
1.06,0.05,1
1.07,-0.07,2
0.93,-0.1,2
1.06,0.08,1
1.07,0.04,1
1.07,0.01,1
1.07,-0.03,1
1.06,-0.1,1
1.04,-0.17,1
1.03,-0.2,2
1.02,-0.24,1
1.0,-0.27,1
0.98,-0.3,1
0.96,-0.33,1
0.94,-0.35,2
0.92,-0.38,1
0.89,-0.4,1
0.87,-0.42,1
0.84,-0.44,1
0.81,-0.45,1
0.79,-0.47,1
0.76,-0.48,1
0.73,-0.49,2
0.7,-0.5,1
0.67,-0.51,1
0.64,-0.51,1
0.61,-0.51,1
0.58,-0.51,2
0.55,-0.51,1
0.53,-0.51,1
0.5,-0.5,1
0.47,-0.49,2
0.45,-0.49,1
0.43,-0.48,1
0.4,-0.46,2
0.38,-0.45,1
0.36,-0.44,1
0.32,-0.41,1
0.3,-0.39,2
0.28,-0.37,2
0.27,-0.35,1
0.25,-0.34,1
0.24,-0.32,2
0.22,-0.29,1
0.21,-0.27,2
0.2,-0.25,1
0.19,-0.23,2
0.18,-0.2,2
0.18,-0.18,2
0.17,-0.16,1
0.16,-0.13,2
0.16,-0.1,2
0.16,-0.08,3
0.15,-0.02,1
0.15,0.01,1
0.15,0.04,1
0.16,0.07,1
0.17,0.13,2
0.17,0.16,1
0.18,0.19,1
0.19,0.23,1
0.21,0.27,1
0.22,0.3,2
0.24,0.34,1
0.26,0.38,1
0.28,0.42,1
0.31,0.47,1
0.34,0.51,1
0.38,0.56,1
0.42,0.61,1
0.53,0.72,1
0.61,0.77,1
0.69,0.83,1
0.8,0.88,1
0.93,0.92,1
1.09,0.95,1
1.29,0.95,1
1.51,0.9,1
1.76,0.78,1
2.0,0.55,1
2.16,0.21,1
2.17,-0.2,1
2.0,-0.59,1
1.7,-0.85,1
1.36,-0.96,1
1.05,-0.94,1
0.81,-0.85,1
0.63,-0.72,1
0.5,-0.56,2
0.41,-0.4,3
0.34,-0.03,1
0.36,0.19,2
0.46,0.48,1
0.82,0.91,1
2.44,0.63,1
0.77,-0.9,1
0.57,0.62,1
0.6,0.62,1
0.63,0.62,1
0.66,0.61,2
0.69,0.61,1
0.73,0.6,1
0.76,0.59,1
0.8,0.58,1
0.83,0.56,1
0.86,0.55,1
0.9,0.53,1
0.93,0.51,1
0.96,0.48,1
0.99,0.46,1
1.02,0.43,1
1.05,0.4,1
1.08,0.36,1
1.11,0.33,1
1.13,0.29,1
1.15,0.25,1
1.17,0.21,1
1.18,0.17,1
1.2,0.12,1
1.21,0.07,1
1.21,0.03,1
1.21,-0.02,1
1.21,-0.07,1
1.2,-0.12,1
1.19,-0.16,1
1.18,-0.21,1
1.16,-0.25,2
1.14,-0.29,2
1.11,-0.33,3
1.08,-0.37,1
1.05,-0.4,1
1.02,-0.43,1
0.98,-0.46,1
0.95,-0.48,1
0.87,-0.52,1
0.83,-0.53,2
0.79,-0.54,1
0.75,-0.55,1
0.72,-0.55,1
0.68,-0.55,2
0.64,-0.55,1
0.6,-0.54,2
0.57,-0.53,1
0.54,-0.52,2
0.5,-0.51,2
0.45,-0.48,1
0.42,-0.46,2
0.39,-0.43,1
0.33,-0.36,2
0.31,-0.34,2
0.29,-0.31,1
0.28,-0.28,1
0.26,-0.25,1
0.25,-0.22,2
0.24,-0.19,2
0.23,-0.16,2
0.22,-0.09,2
0.22,0.02,2
0.23,0.1,1
0.24,0.15,1
0.25,0.19,1
0.26,0.24,1
0.28,0.29,1
0.3,0.34,1
0.33,0.4,1
0.36,0.46,2
0.4,0.52,1
0.46,0.59,1
0.52,0.66,1
0.61,0.73,1
0.72,0.81,1
0.86,0.88,1
1.05,0.94,1
1.31,0.96,1
1.62,0.89,1
1.97,0.66,1
2.22,0.2,1
2.18,-0.39,1
1.81,-0.83,1
1.33,-0.98,1
0.93,-0.91,1
0.66,-0.73,1
0.48,-0.51,1
0.39,-0.27,1
0.36,0.0,3
0.42,0.34,1
0.82,0.87,1
2.35,-0.71,1
0.39,0.11,2
0.4,0.11,3
0.41,0.11,2
0.42,0.11,3
0.43,0.11,2
0.44,0.11,2
0.45,0.11,2
0.48,0.11,2
0.49,0.11,3
0.5,0.11,3
0.51,0.11,2
0.52,0.11,1
0.52,0.1,3
0.53,0.1,2
0.54,0.1,4
0.55,0.1,2
0.58,0.08,5
0.59,0.08,3
0.6,0.07,4
0.61,0.07,3
0.62,0.06,6
0.63,0.06,4
0.63,0.05,4
0.64,0.05,5
0.64,0.04,2
0.65,0.04,4
0.67,0.03,3
0.67,0.02,5
0.68,0.02,9
0.69,0.02,6
0.71,0.03,2
0.72,0.03,2
0.72,0.04,3
0.73,0.04,3
0.73,0.05,3
0.74,0.05,2
0.75,0.05,4
0.76,0.06,2
0.77,0.06,5
0.79,0.07,1
0.81,0.08,1
0.82,0.08,2
0.84,0.08,2
0.86,0.08,1
0.9,0.08,1
0.92,0.07,2
0.94,0.06,2
0.96,0.04,2
0.97,0.02,1
0.98,0.0,1
0.98,-0.02,2
0.97,-0.04,2
0.96,-0.06,1
0.93,-0.06,1
0.91,-0.04,1
0.96,0.05,1
1.05,0.01,1
0.95,-0.04,1
0.95,-0.07,2
0.94,-0.1,2
0.93,-0.12,1
0.93,-0.15,1
0.92,-0.18,2
0.91,-0.2,1
0.89,-0.23,1
0.88,-0.25,2
0.86,-0.27,2
0.85,-0.29,1
0.83,-0.31,1
0.81,-0.33,2
0.79,-0.35,1
0.77,-0.36,1
0.75,-0.38,1
0.72,-0.39,1
0.7,-0.4,2
0.68,-0.41,1
0.66,-0.42,2
0.63,-0.42,2
0.61,-0.43,1
0.59,-0.43,1
0.56,-0.43,1
0.54,-0.43,1
0.52,-0.43,1
0.5,-0.42,1
0.47,-0.42,1
0.45,-0.41,1
0.43,-0.41,1
0.39,-0.39,1
0.38,-0.38,1
0.36,-0.37,2
0.34,-0.35,3
0.33,-0.34,1
0.31,-0.33,1
0.3,-0.31,1
0.28,-0.29,1
0.27,-0.28,1
0.26,-0.26,1
0.25,-0.24,1
0.24,-0.22,1
0.23,-0.2,1
0.22,-0.18,2
0.21,-0.16,1
0.21,-0.14,1
0.2,-0.1,2
0.19,-0.07,1
0.19,-0.03,1
0.19,0.0,1
0.19,0.02,1
0.19,0.05,1
0.2,0.08,1
0.2,0.1,1
0.21,0.13,1
0.22,0.16,1
0.22,0.19,1
0.24,0.22,1
0.25,0.25,1
0.26,0.29,1
0.28,0.32,1
0.3,0.36,1
0.32,0.39,1
0.35,0.43,1
0.38,0.47,1
0.45,0.55,2
0.5,0.59,1
0.55,0.63,1
0.61,0.67,1
0.69,0.71,1
0.77,0.75,1
0.87,0.78,1
0.99,0.8,1
1.13,0.8,1
1.28,0.78,1
1.46,0.71,1
1.63,0.59,1
1.79,0.41,1
1.89,0.16,1
1.9,-0.13,1
1.81,-0.41,1
1.62,-0.63,1
1.38,-0.76,1
1.14,-0.8,1
0.92,-0.77,1
0.74,-0.69,1
0.61,-0.57,1
0.5,-0.44,1
0.44,-0.3,3
0.4,-0.14,2
0.39,0.04,2
0.43,0.25,2
0.57,0.53,1
1.03,0.87,1
2.29,0.1,1
0.73,-0.73,1
0.71,0.66,1
0.75,0.65,1
0.78,0.64,1
0.82,0.63,1
0.86,0.61,1
0.89,0.6,1
0.93,0.58,2
0.96,0.55,1
1.0,0.53,1
1.03,0.5,1
1.07,0.47,1
1.1,0.44,1
1.13,0.4,2
1.16,0.36,1
1.18,0.32,2
1.21,0.28,1
1.23,0.23,1
1.24,0.18,1
1.26,0.14,1
1.27,0.08,2
1.27,0.03,1
1.27,-0.02,1
1.27,-0.07,1
1.26,-0.12,1
1.25,-0.17,1
1.24,-0.22,1
1.22,-0.27,2
1.19,-0.32,2
1.17,-0.36,2
1.14,-0.4,2
1.1,-0.44,2
1.07,-0.47,2
1.03,-0.5,1
0.99,-0.53,1
0.95,-0.55,1
0.91,-0.57,1
0.86,-0.59,1
0.82,-0.6,1
0.78,-0.6,1
0.74,-0.61,1
0.7,-0.61,1
0.66,-0.61,1
0.62,-0.6,1
0.58,-0.59,2
0.54,-0.58,1
0.51,-0.57,1
0.44,-0.54,2
0.41,-0.52,1
0.39,-0.5,1
0.36,-0.48,2
0.34,-0.45,1
0.31,-0.43,1
0.29,-0.4,1
0.27,-0.38,1
0.26,-0.35,1
0.23,-0.29,2
0.21,-0.26,1
0.2,-0.23,2
0.19,-0.2,1
0.19,-0.16,1
0.18,-0.13,1
0.18,-0.09,1
0.17,-0.06,1
0.17,-0.02,2
0.17,0.06,1
0.18,0.1,2
0.19,0.18,2
0.21,0.23,1
0.22,0.28,2
0.24,0.33,1
0.26,0.39,1
0.29,0.44,1
0.32,0.5,2
0.37,0.57,1
0.42,0.64,1
0.48,0.72,1
0.57,0.8,1
0.68,0.89,1
0.82,0.97,1
1.02,1.05,1
1.28,1.1,1
1.63,1.06,1
2.04,0.86,1
2.39,0.4,1
2.45,-0.28,1
2.09,-0.86,1
1.54,-1.11,1
1.06,-1.07,1
0.73,-0.89,1
0.52,-0.67,1
0.39,-0.44,2
0.32,0.08,1
0.93,1.07,1
2.1,-1.22,1
0.36,0.2,1
0.37,0.2,2
0.38,0.2,1
0.39,0.2,1
0.4,0.2,1
0.41,0.21,2
0.42,0.21,1
0.44,0.21,2
0.45,0.21,2
0.46,0.21,1
0.47,0.21,3
0.48,0.21,2
0.49,0.21,1
0.5,0.21,1
0.51,0.21,2
0.52,0.21,1
0.53,0.2,1
0.55,0.2,1
0.56,0.2,1
0.57,0.19,1
0.59,0.19,1
0.6,0.18,1
0.61,0.18,2
0.63,0.17,1
0.64,0.16,1
0.65,0.15,3
0.66,0.15,3
0.67,0.13,2
0.68,0.12,1
0.69,0.11,2
0.7,0.1,1
0.71,0.08,1
0.72,0.07,1
0.72,0.06,3
0.73,0.03,1
0.74,0.02,2
0.74,0.01,1
0.74,0.0,1
0.74,-0.01,1
0.74,-0.02,2
0.74,-0.03,1
0.73,-0.04,1
0.73,-0.05,1
0.73,-0.06,1
0.72,-0.07,2
0.71,-0.08,1
0.71,-0.09,1
0.7,-0.09,2
0.69,-0.1,2
0.68,-0.1,1
0.67,-0.1,2
0.66,-0.1,2
0.65,-0.1,1
0.64,-0.09,3
0.63,-0.08,1
0.63,-0.07,2
0.62,-0.06,1
0.62,-0.05,1
0.61,-0.04,1
0.61,-0.03,1
0.61,-0.02,1
0.61,0.0,1
0.61,0.01,1
0.62,0.03,2
0.62,0.05,1
0.63,0.07,2
0.64,0.09,1
0.65,0.11,2
0.69,0.15,1
0.74,0.19,1
0.78,0.21,1
0.87,0.23,1
0.98,0.21,1
1.03,0.19,1
1.09,0.14,1
1.13,0.08,1
1.15,-0.01,1
1.14,-0.1,1
1.08,-0.18,1
0.99,-0.22,2
0.88,-0.2,1
0.8,-0.12,1
0.77,0.01,1
0.87,0.18,2
1.21,0.11,2
0.81,-0.1,1
0.81,-0.12,2
0.8,-0.14,1
0.79,-0.16,1
0.79,-0.17,1
0.78,-0.19,1
0.76,-0.21,1
0.75,-0.22,1
0.74,-0.24,1
0.73,-0.25,1
0.7,-0.28,1
0.68,-0.29,1
0.67,-0.3,1
0.65,-0.31,1
0.63,-0.32,1
0.61,-0.32,1
0.6,-0.33,1
0.58,-0.33,1
0.56,-0.34,2
0.55,-0.34,1
0.53,-0.34,1
0.51,-0.34,2
0.49,-0.34,2
0.48,-0.33,1
0.46,-0.33,1
0.44,-0.33,1
0.43,-0.32,1
0.41,-0.31,1
0.4,-0.31,2
0.38,-0.3,1
0.37,-0.29,2
0.36,-0.28,1
0.34,-0.27,1
0.33,-0.26,1
0.32,-0.24,1
0.31,-0.23,1
0.3,-0.22,2
0.29,-0.2,2
0.28,-0.19,1
0.27,-0.17,1
0.27,-0.15,2
0.26,-0.14,1
0.26,-0.12,2
0.25,-0.1,1
0.25,-0.08,1
0.24,-0.06,1
0.24,-0.04,2
0.24,-0.02,1
0.24,0.0,2
0.24,0.02,1
0.24,0.04,2
0.25,0.06,1
0.25,0.09,1
0.26,0.11,1
0.26,0.13,1
0.27,0.16,1
0.28,0.18,1
0.29,0.21,1
0.3,0.24,2
0.32,0.26,1
0.34,0.29,1
0.35,0.32,3
0.4,0.38,2
0.43,0.41,1
0.46,0.44,1
0.49,0.47,1
0.53,0.5,2
0.58,0.53,2
0.63,0.56,1
0.69,0.59,1
0.75,0.61,1
0.83,0.63,1
0.92,0.64,1
1.01,0.64,1
1.12,0.63,1
1.23,0.59,1
1.35,0.53,1
1.47,0.43,1
1.57,0.3,1
1.63,0.13,1
1.65,-0.07,1
1.6,-0.26,1
1.49,-0.43,1
1.35,-0.55,1
1.18,-0.62,1
1.01,-0.63,1
0.85,-0.6,2
0.72,-0.53,2
0.61,-0.44,1
0.54,-0.33,1
0.48,-0.2,2
0.46,-0.06,5
0.47,0.1,2
0.53,0.3,2
0.71,0.53,1
1.22,0.73,1
1.95,-0.19,1
0.73,-0.57,1
0.87,0.63,1
0.91,0.62,2
0.95,0.6,1
0.99,0.57,2
1.02,0.55,1
1.06,0.52,3
1.09,0.48,2
1.12,0.45,1
1.15,0.41,1
1.18,0.37,2
1.21,0.33,2
1.23,0.28,2
1.25,0.24,2
1.27,0.19,2
1.28,0.14,3
1.29,0.08,2
1.3,0.03,2
1.3,-0.02,2
1.3,-0.08,2
1.29,-0.13,2
1.28,-0.18,2
1.26,-0.23,2
1.24,-0.28,2
1.22,-0.33,2
1.19,-0.37,2
1.16,-0.42,3
1.12,-0.45,1
1.09,-0.49,2
1.05,-0.52,2
1.01,-0.55,2
0.97,-0.57,2
0.92,-0.59,1
0.88,-0.61,2
0.84,-0.62,3
0.8,-0.63,3
0.75,-0.64,2
0.71,-0.64,2
0.67,-0.64,2
0.63,-0.63,1
0.59,-0.63,3
0.52,-0.61,2
0.48,-0.59,3
0.45,-0.58,4
0.42,-0.56,3
0.39,-0.54,3
0.36,-0.52,2
0.34,-0.5,2
0.29,-0.45,1
0.27,-0.43,2
0.25,-0.4,2
0.23,-0.37,2
0.2,-0.31,1
0.19,-0.28,2
0.18,-0.25,2
0.17,-0.22,2
0.16,-0.19,2
0.15,-0.16,1
0.15,-0.12,2
0.14,-0.09,1
0.14,-0.05,2
0.14,-0.02,2
0.14,0.02,2
0.14,0.06,1
0.15,0.1,2
0.15,0.14,2
0.16,0.18,2
0.17,0.23,1
0.2,0.32,1
0.22,0.37,2
0.24,0.43,1
0.27,0.49,2
0.31,0.55,1
0.35,0.62,1
0.4,0.69,1
0.47,0.77,1
0.56,0.85,2
0.67,0.94,1
0.81,1.04,2
1.01,1.12,1
1.28,1.18,1
1.63,1.16,1
2.07,0.99,1
2.48,0.55,1
2.62,-0.16,1
2.31,-0.83,1
1.74,-1.17,1
1.2,-1.18,1
0.57,-0.81,1
0.42,-0.58,2
0.33,-0.35,1
0.3,0.17,1
0.42,0.56,1
1.13,1.26,1
1.64,-1.44,1
0.35,0.29,1
0.37,0.3,1
0.38,0.3,2
0.41,0.3,2
0.42,0.31,1
0.43,0.31,2
0.45,0.31,1
0.48,0.31,2
0.49,0.31,1
0.51,0.31,1
0.52,0.31,1
0.54,0.31,1
0.56,0.3,2
0.57,0.3,2
0.59,0.29,1
0.6,0.29,1
0.62,0.28,1
0.64,0.28,1
0.65,0.27,2
0.67,0.26,1
0.68,0.25,1
0.7,0.24,1
0.71,0.23,2
0.73,0.22,2
0.74,0.21,2
0.76,0.2,1
0.77,0.18,1
0.78,0.17,1
0.79,0.15,1
0.81,0.12,1
0.82,0.1,1
0.83,0.08,1
0.83,0.06,2
0.84,0.05,2
0.84,0.01,1
0.84,-0.01,1
0.83,-0.07,2
0.83,-0.08,1
0.82,-0.1,1
0.81,-0.13,1
0.8,-0.15,1
0.78,-0.16,1
0.77,-0.17,1
0.76,-0.18,1
0.74,-0.19,2
0.73,-0.2,2
0.71,-0.21,1
0.7,-0.21,3
0.68,-0.21,1
0.67,-0.21,1
0.65,-0.21,1
0.64,-0.21,1
0.62,-0.21,1
0.61,-0.2,1
0.59,-0.19,1
0.58,-0.18,1
0.56,-0.17,1
0.55,-0.16,2
0.54,-0.14,4
0.53,-0.13,3
0.52,-0.11,2
0.52,-0.09,1
0.51,-0.05,1
0.5,0.0,1
0.51,0.02,1
0.52,0.08,3
0.53,0.11,2
0.54,0.14,2
0.56,0.17,1
0.58,0.21,1
0.69,0.31,1
0.74,0.34,1
0.81,0.36,1
0.88,0.38,1
0.97,0.38,1
1.07,0.36,1
1.18,0.31,1
1.27,0.22,1
1.34,0.08,1
1.34,-0.09,1
1.26,-0.25,1
1.11,-0.36,1
0.94,-0.37,1
0.78,-0.3,2
0.68,-0.16,2
0.66,0.05,3
0.81,0.31,2
1.43,0.17,1
0.68,-0.12,1
0.68,-0.13,2
0.67,-0.14,2
0.66,-0.15,2
0.64,-0.17,3
0.64,-0.18,1
0.63,-0.19,2
0.62,-0.2,1
0.61,-0.21,2
0.59,-0.22,1
0.58,-0.22,2
0.57,-0.23,2
0.56,-0.23,1
0.54,-0.24,1
0.53,-0.24,1
0.51,-0.24,2
0.5,-0.24,1
0.49,-0.24,1
0.48,-0.24,1
0.47,-0.24,1
0.45,-0.24,1
0.44,-0.23,1
0.43,-0.23,1
0.42,-0.23,1
0.4,-0.21,1
0.39,-0.21,1
0.38,-0.2,1
0.37,-0.19,3
0.36,-0.18,1
0.36,-0.17,1
0.35,-0.16,2
0.34,-0.15,1
0.33,-0.14,1
0.33,-0.13,1
0.32,-0.12,2
0.32,-0.1,1
0.31,-0.09,2
0.31,-0.08,2
0.31,-0.06,1
0.31,-0.05,2
0.3,-0.03,1
0.3,-0.01,1
0.3,0.0,1
0.3,0.02,1
0.31,0.04,1
0.31,0.05,1
0.31,0.07,1
0.32,0.09,2
0.32,0.11,1
0.33,0.13,1
0.34,0.15,1
0.35,0.17,1
0.37,0.21,2
0.38,0.23,1
0.4,0.25,2
0.42,0.28,2
0.44,0.3,1
0.46,0.32,1
0.48,0.34,1
0.51,0.36,1
0.54,0.39,2
0.57,0.41,1
0.61,0.43,1
0.65,0.45,1
0.69,0.46,1
0.74,0.48,1
0.86,0.49,2
0.92,0.49,1
1.0,0.48,1
1.07,0.46,2
1.15,0.42,2
1.22,0.37,1
1.29,0.3,1
1.35,0.21,1
1.39,0.1,1
1.41,-0.02,1
1.39,-0.14,1
1.34,-0.26,1
1.26,-0.35,1
1.04,-0.46,2
0.93,-0.47,1
0.82,-0.44,1
0.73,-0.39,1
0.65,-0.32,1
0.59,-0.23,1
0.55,-0.12,3
0.54,0.0,2
0.56,0.14,2
0.65,0.3,2
0.85,0.48,1
1.31,0.5,1
1.61,-0.26,1
1.02,0.53,1
1.09,0.47,1
1.12,0.43,1
1.15,0.4,1
1.18,0.36,1
1.2,0.31,1
1.22,0.27,1
1.24,0.22,2
1.26,0.18,1
1.27,0.13,1
1.28,0.08,1
1.28,0.02,1
1.28,-0.03,1
1.28,-0.08,1
1.27,-0.13,1
1.26,-0.18,2
1.24,-0.23,1
1.22,-0.28,1
1.2,-0.32,2
1.18,-0.37,2
1.15,-0.41,1
1.11,-0.45,1
1.08,-0.48,1
1.04,-0.51,2
1.01,-0.54,1
0.97,-0.56,3
0.93,-0.58,2
0.88,-0.6,1
0.76,-0.63,3
0.72,-0.64,1
0.68,-0.64,1
0.64,-0.64,1
0.6,-0.63,2
0.56,-0.63,1
0.53,-0.62,2
0.49,-0.6,1
0.46,-0.59,3
0.43,-0.58,3
0.4,-0.56,4
0.37,-0.54,2
0.34,-0.52,1
0.27,-0.45,2
0.25,-0.43,1
0.24,-0.4,4
0.2,-0.35,3
0.19,-0.32,4
0.16,-0.27,2
0.15,-0.24,2
0.13,-0.14,4
0.12,-0.08,2
0.12,-0.04,4
0.12,-0.01,4
0.12,0.03,2
0.13,0.06,2
0.13,0.1,3
0.14,0.14,2
0.14,0.18,3
0.15,0.22,3
0.16,0.27,1
0.2,0.36,2
0.36,0.66,2
0.42,0.73,1
0.49,0.81,1
0.57,0.89,1
0.69,0.98,1
0.84,1.07,1
1.03,1.15,1
1.3,1.2,1
1.64,1.18,1
2.07,1.02,1
2.47,0.61,1
2.65,-0.05,1
2.41,-0.74,1
1.89,-1.14,1
1.35,-1.22,1
0.93,-1.11,1
0.65,-0.91,1
0.47,-0.7,1
0.31,0.26,1
0.47,0.68,1
1.46,1.4,1
1.23,-1.39,1
0.37,0.39,1
0.39,0.4,1
0.4,0.4,1
0.42,0.4,1
0.44,0.4,1
0.46,0.41,1
0.48,0.41,1
0.5,0.41,1
0.52,0.41,1
0.54,0.41,1
0.56,0.4,1
0.58,0.4,1
0.6,0.4,1
0.62,0.39,1
0.65,0.38,1
0.69,0.37,1
0.71,0.36,1
0.73,0.35,1
0.75,0.33,1
0.77,0.32,1
0.79,0.31,1
0.81,0.29,1
0.83,0.27,1
0.85,0.25,1
0.86,0.23,1
0.88,0.21,1
0.89,0.19,1
0.91,0.17,1
0.92,0.14,1
0.93,0.12,1
0.94,0.09,1
0.95,0.04,1
0.95,0.01,3
0.95,-0.02,2
0.95,-0.05,1
0.93,-0.13,1
0.92,-0.15,1
0.91,-0.18,1
0.89,-0.2,1
0.86,-0.24,1
0.84,-0.26,1
0.82,-0.27,2
0.8,-0.29,2
0.76,-0.31,1
0.69,-0.32,1
0.66,-0.32,1
0.64,-0.32,1
0.62,-0.31,1
0.59,-0.31,1
0.57,-0.3,1
0.55,-0.29,1
0.53,-0.28,1
0.51,-0.26,2
0.5,-0.25,1
0.48,-0.23,1
0.47,-0.21,1
0.45,-0.19,1
0.44,-0.17,3
0.43,-0.14,1
0.42,-0.12,2
0.42,-0.09,2
0.41,-0.06,3
0.41,-0.04,3
0.41,0.0,1
0.41,0.03,2
0.41,0.06,2
0.42,0.1,1
0.43,0.13,1
0.49,0.25,2
0.56,0.34,1
0.6,0.39,2
0.66,0.43,1
0.73,0.47,1
0.82,0.51,1
0.93,0.54,2
1.21,0.5,1
1.38,0.41,1
1.52,0.23,1
1.58,-0.01,1
1.51,-0.28,1
1.31,-0.48,1
1.06,-0.54,1
0.83,-0.49,2
0.56,-0.15,2
0.56,0.11,3
0.78,0.45,1
1.71,0.16,1
0.58,-0.07,2
0.57,-0.08,1
0.57,-0.09,2
0.56,-0.11,2
0.55,-0.11,1
0.54,-0.12,1
0.52,-0.13,2
0.52,-0.14,1
0.51,-0.14,2
0.5,-0.14,2
0.49,-0.14,2
0.48,-0.14,2
0.46,-0.14,3
0.45,-0.14,2
0.44,-0.14,1
0.44,-0.13,1
0.43,-0.13,1
0.42,-0.13,1
0.41,-0.12,2
0.41,-0.11,1
0.4,-0.11,1
0.4,-0.1,1
0.39,-0.09,3
0.39,-0.08,1
0.38,-0.07,1
0.38,-0.06,1
0.38,-0.05,1
0.38,-0.04,1
0.37,-0.03,1
0.37,-0.02,2
0.37,-0.01,2
0.37,0.0,1
0.38,0.02,1
0.38,0.04,1
0.38,0.05,2
0.38,0.06,1
0.39,0.08,1
0.39,0.09,1
0.4,0.1,1
0.41,0.12,1
0.41,0.13,3
0.42,0.15,2
0.43,0.16,1
0.44,0.18,2
0.46,0.19,2
0.48,0.22,1
0.5,0.24,2
0.52,0.25,2
0.54,0.27,2
0.56,0.28,2
0.58,0.29,1
0.61,0.31,3
0.64,0.32,2
0.67,0.33,1
0.7,0.34,1
0.73,0.34,1
0.77,0.35,1
0.81,0.35,2
0.85,0.35,1
0.9,0.34,1
0.99,0.3,1
1.08,0.24,1
1.12,0.19,1
1.16,0.14,1
1.18,0.08,3
1.19,0.01,1
1.19,-0.06,2
1.17,-0.13,2
1.14,-0.19,1
1.09,-0.25,1
1.03,-0.28,1
0.96,-0.31,1
0.82,-0.29,1
0.76,-0.26,1
0.64,-0.06,2
0.68,0.15,2
0.77,0.26,1
0.96,0.35,2
1.27,0.27,1
1.35,-0.22,1
0.81,-0.29,2
1.11,0.36,1
1.13,0.32,1
1.15,0.28,1
1.17,0.24,1
1.19,0.2,1
1.2,0.16,1
1.22,0.06,1
1.22,0.02,1
1.22,-0.03,1
1.22,-0.08,1
1.21,-0.12,1
1.2,-0.17,1
1.19,-0.21,2
1.17,-0.26,1
1.15,-0.3,2
1.13,-0.34,2
1.1,-0.38,2
1.08,-0.41,1
1.05,-0.44,2
1.01,-0.47,1
0.98,-0.5,2
0.95,-0.52,2
0.91,-0.54,1
0.87,-0.56,1
0.83,-0.58,2
0.8,-0.59,2
0.76,-0.6,2
0.72,-0.6,2
0.68,-0.61,1
0.65,-0.61,1
0.61,-0.61,1
0.58,-0.6,2
0.51,-0.59,1
0.48,-0.58,1
0.45,-0.56,2
0.42,-0.55,3
0.32,-0.48,2
0.29,-0.46,2
0.27,-0.44,3
0.25,-0.42,4
0.24,-0.39,1
0.22,-0.37,3
0.18,-0.29,2
0.13,-0.15,2
0.13,-0.12,4
0.12,-0.09,3
0.18,0.31,1
0.2,0.35,1
0.22,0.4,2
0.24,0.45,3
0.27,0.51,3
0.3,0.56,2
0.34,0.62,2
0.39,0.69,2
0.45,0.75,1
0.53,0.83,1
0.62,0.9,1
0.74,0.98,1
0.89,1.06,1
1.08,1.12,1
1.34,1.15,1
1.66,1.11,1
2.03,0.94,1
2.38,0.58,1
2.54,0.01,1
2.38,-0.61,1
1.96,-1.02,2
1.47,-1.17,1
1.06,-1.11,1
0.76,-0.96,1
0.55,-0.78,1
0.29,-0.17,2
0.29,0.06,2
0.34,0.35,1
0.56,0.79,1
1.92,1.35,1
0.97,-1.21,1
0.42,0.49,1
0.44,0.49,1
0.46,0.5,2
0.49,0.5,1
0.51,0.5,1
0.56,0.5,1
0.58,0.49,3
0.61,0.49,1
0.64,0.49,1
0.66,0.48,1
0.69,0.47,1
0.72,0.46,1
0.74,0.45,1
0.77,0.44,1
0.8,0.43,1
0.82,0.41,1
0.85,0.39,1
0.87,0.37,1
0.9,0.35,1
0.92,0.33,1
0.94,0.31,1
0.96,0.28,1
0.98,0.25,1
1.0,0.22,2
1.02,0.19,1
1.03,0.16,1
1.05,0.09,1
1.06,0.02,1
1.06,-0.02,1
1.06,-0.05,1
1.05,-0.09,1
1.05,-0.12,1
1.04,-0.16,1
1.02,-0.19,1
1.01,-0.22,1
0.99,-0.25,1
0.97,-0.28,1
0.94,-0.31,2
0.92,-0.33,2
0.89,-0.35,1
0.87,-0.37,1
0.84,-0.38,1
0.81,-0.4,1
0.75,-0.41,1
0.72,-0.42,1
0.69,-0.42,1
0.6,-0.41,1
0.57,-0.4,1
0.54,-0.39,1
0.49,-0.36,1
0.47,-0.35,2
0.45,-0.33,1
0.43,-0.31,2
0.41,-0.29,3
0.37,-0.21,2
0.36,-0.19,1
0.34,-0.13,1
0.33,-0.1,2
0.33,-0.06,1
0.32,-0.03,2
0.32,0.0,2
0.33,0.04,1
0.33,0.08,2
0.34,0.12,2
0.35,0.16,1
0.38,0.25,2
0.48,0.4,1
0.58,0.51,1
0.65,0.57,2
0.75,0.62,1
0.87,0.67,1
1.02,0.7,1
1.21,0.7,1
1.43,0.63,1
1.66,0.45,1
1.81,0.14,1
1.79,-0.24,1
1.57,-0.56,1
1.24,-0.71,1
0.92,-0.68,1
0.69,-0.54,1
0.54,-0.34,1
0.47,-0.11,1
0.49,0.19,3
0.77,0.6,2
2.05,0.0,1
0.49,-0.02,4
0.49,-0.03,1
0.48,-0.03,2
0.48,-0.04,5
0.47,-0.04,2
0.47,-0.05,3
0.46,-0.05,4
0.46,-0.04,3
0.45,-0.03,3
0.45,-0.01,2
0.45,0.0,2
0.46,0.04,6
0.46,0.05,5
0.46,0.06,1
0.47,0.07,3
0.48,0.08,4
0.48,0.09,3
0.49,0.1,1
0.51,0.12,3
0.53,0.14,3
0.54,0.15,1
0.55,0.16,2
0.57,0.16,3
0.58,0.17,2
0.59,0.18,1
0.61,0.19,1
0.62,0.19,1
0.66,0.2,2
0.68,0.21,2
0.7,0.21,1
0.72,0.21,1
0.76,0.21,1
0.79,0.21,1
0.81,0.21,1
0.84,0.2,1
0.87,0.19,2
0.89,0.18,1
0.92,0.16,1
0.94,0.14,1
0.96,0.12,1
1.0,0.07,1
1.01,0.0,1
1.01,-0.03,1
0.99,-0.1,2
0.97,-0.12,1
0.94,-0.14,1
0.91,-0.16,2
0.88,-0.16,1
0.81,-0.14,1
0.78,-0.11,2
0.76,-0.07,1
0.76,-0.02,2
0.77,0.04,1
0.8,0.11,3
1.0,0.19,1
1.15,0.11,1
0.88,-0.17,1
1.1,0.17,1
1.11,0.13,1
1.12,0.1,1
1.13,0.06,1
1.13,0.02,1
1.13,-0.02,1
1.13,-0.06,1
1.12,-0.1,2
1.12,-0.14,1
1.11,-0.18,1
1.09,-0.22,2
1.08,-0.26,1
1.06,-0.29,1
1.04,-0.32,1
1.01,-0.36,1
0.99,-0.38,1
0.96,-0.41,1
0.94,-0.44,1
0.91,-0.46,1
0.88,-0.48,1
0.84,-0.5,1
0.81,-0.51,1
0.78,-0.52,1
0.75,-0.54,1
0.72,-0.54,1
0.65,-0.55,1
0.62,-0.55,1
0.59,-0.55,1
0.56,-0.55,1
0.53,-0.54,1
0.47,-0.53,1
0.44,-0.52,1
0.42,-0.51,2
0.39,-0.49,1
0.37,-0.48,1
0.35,-0.46,4
0.32,-0.45,1
0.3,-0.43,2
0.28,-0.41,2
0.27,-0.39,2
0.25,-0.37,1
0.23,-0.35,2
0.22,-0.33,1
0.21,-0.3,1
0.18,-0.26,1
0.17,-0.23,2
0.16,-0.21,1
0.16,-0.18,1
0.15,-0.15,1
0.15,-0.13,2
0.14,-0.1,1
0.14,-0.07,2
0.14,-0.04,1
0.14,-0.01,1
0.14,0.05,1
0.14,0.08,2
0.15,0.12,2
0.15,0.15,1
0.16,0.19,1
0.17,0.22,1
0.18,0.26,2
0.2,0.3,1
0.22,0.34,2
0.26,0.43,2
0.29,0.48,1
0.32,0.53,1
0.35,0.58,1
0.4,0.64,1
0.45,0.69,1
0.6,0.82,1
0.69,0.88,1
0.81,0.94,1
0.96,1.0,2
1.14,1.03,1
1.37,1.03,1
1.64,0.97,1
1.94,0.8,1
2.2,0.49,1
2.33,0.03,1
2.24,-0.46,1
1.94,-0.84,1
1.54,-1.02,1
1.17,-1.04,1
0.88,-0.95,1
0.66,-0.81,1
0.51,-0.64,1
0.34,-0.28,2
0.33,0.15,1
0.71,0.88,1
2.34,0.97,1
0.82,-1.01,1
0.5,0.58,1
0.53,0.58,1
0.56,0.58,1
0.59,0.58,2
0.62,0.58,1
0.68,0.57,1
0.71,0.56,1
0.74,0.55,2
0.8,0.52,1
0.83,0.51,1
0.89,0.47,1
0.92,0.45,1
0.95,0.43,1
0.98,0.4,1
1.01,0.37,1
1.04,0.34,1
1.06,0.31,1
1.08,0.28,1
1.1,0.24,1
1.12,0.2,1
1.13,0.16,2
1.15,0.12,1
1.15,0.08,2
1.16,0.03,1
1.16,-0.01,1
1.16,-0.05,1
1.15,-0.1,1
1.15,-0.14,1
1.13,-0.18,1
1.12,-0.22,1
1.1,-0.26,1
1.08,-0.3,1
1.05,-0.33,1
1.02,-0.36,1
0.99,-0.39,1
0.96,-0.42,1
0.93,-0.44,1
0.89,-0.46,1
0.86,-0.48,1
0.82,-0.49,1
0.78,-0.5,1
0.75,-0.5,2
0.71,-0.51,1
0.68,-0.51,1
0.64,-0.5,1
0.61,-0.5,1
0.58,-0.49,2
0.54,-0.48,2
0.51,-0.47,1
0.49,-0.45,1
0.46,-0.44,1
0.43,-0.42,1
0.39,-0.37,1
0.37,-0.35,2
0.35,-0.33,1
0.3,-0.24,2
0.29,-0.22,3
0.28,-0.18,1
0.26,-0.09,1
0.26,-0.05,2
0.25,-0.01,1
0.26,0.02,1
0.26,0.06,1
0.26,0.1,1
0.27,0.15,1
0.28,0.19,1
0.32,0.29,2
0.34,0.34,2
0.37,0.4,1
0.46,0.52,2
0.51,0.58,1
0.59,0.65,1
0.68,0.72,1
0.8,0.79,1
0.96,0.84,1
1.17,0.87,1
1.44,0.84,1
1.74,0.69,1
2.01,0.36,1
2.09,-0.13,1
1.87,-0.6,1
1.46,-0.86,1
1.06,-0.87,1
0.75,-0.73,1
0.55,-0.53,1
0.39,-0.04,2
0.44,0.28,2
0.79,0.77,1
2.32,-0.39,1
0.42,0.06,3
0.44,0.06,4
0.45,0.05,4
0.47,0.05,4
0.48,0.05,5
0.49,0.05,5
0.53,0.06,5
0.54,0.06,4
0.55,0.06,3
0.56,0.07,4
0.57,0.07,6
0.58,0.07,5
0.59,0.07,4
0.61,0.08,2
0.62,0.08,3
0.63,0.08,2
0.64,0.08,3
0.65,0.08,2
0.66,0.08,2
0.67,0.09,2
0.68,0.09,3
0.69,0.09,2
0.71,0.09,1
0.72,0.09,1
0.73,0.09,2
0.74,0.09,2
0.75,0.09,1
0.76,0.08,1
0.77,0.08,1
0.79,0.08,2
0.8,0.07,1
0.81,0.07,2
0.84,0.06,2
0.85,0.05,2
0.86,0.05,2
0.86,0.04,2
0.87,0.03,2
0.88,0.02,1
0.89,0.01,3
0.89,0.0,1
0.9,-0.01,2
0.9,-0.02,2
0.89,-0.02,2
0.89,-0.01,3
0.9,0.0,2
0.91,0.02,2
0.93,0.03,2
1.0,0.02,2
1.02,-0.02,1
0.98,-0.05,2
1.02,0.02,1
1.02,-0.01,1
1.02,-0.05,1
1.02,-0.08,1
1.01,-0.11,2
1.0,-0.14,1
0.99,-0.17,1
0.97,-0.23,1
0.95,-0.26,1
0.94,-0.29,1
0.92,-0.31,1
0.9,-0.34,1
0.88,-0.36,1
0.85,-0.38,1
0.83,-0.4,1
0.8,-0.41,1
0.78,-0.43,1
0.75,-0.44,1
0.73,-0.45,1
0.7,-0.46,1
0.67,-0.47,1
0.65,-0.47,1
0.62,-0.48,1
0.59,-0.48,1
0.57,-0.48,1
0.52,-0.47,1
0.49,-0.47,1
0.47,-0.46,1
0.44,-0.45,1
0.42,-0.45,1
0.4,-0.44,1
0.38,-0.42,1
0.36,-0.41,1
0.34,-0.4,2
0.32,-0.38,2
0.31,-0.37,1
0.29,-0.35,2
0.27,-0.33,1
0.26,-0.32,1
0.25,-0.3,1
0.23,-0.28,1
0.22,-0.26,1
0.21,-0.24,2
0.2,-0.21,2
0.2,-0.19,1
0.19,-0.17,1
0.18,-0.14,1
0.18,-0.12,1
0.17,-0.1,1
0.17,-0.07,1
0.17,-0.04,1
0.17,0.01,1
0.17,0.04,1
0.17,0.07,1
0.18,0.13,1
0.19,0.16,1
0.2,0.19,1
0.21,0.22,2
0.22,0.26,2
0.23,0.29,1
0.25,0.33,1
0.27,0.37,1
0.32,0.45,1
0.35,0.49,1
0.38,0.53,1
0.42,0.58,1
0.47,0.63,1
0.53,0.67,1
0.59,0.72,1
0.67,0.77,1
0.77,0.82,1
0.88,0.86,1
1.02,0.88,1
1.18,0.89,1
1.37,0.86,1
1.59,0.78,1
1.8,0.63,1
1.98,0.38,1
2.07,0.04,1
2.02,-0.32,1
1.83,-0.63,1
1.55,-0.82,1
1.26,-0.9,1
0.99,-0.87,1
0.78,-0.78,1
0.61,-0.66,1
0.42,-0.36,1
0.39,0.22,1
0.5,0.51,1
0.91,0.9,1
2.42,0.39,1
0.75,-0.83,1
0.62,0.64,1
0.66,0.64,1
0.69,0.63,1
0.72,0.63,1
0.76,0.62,1
0.79,0.6,1
0.83,0.59,1
0.86,0.58,1
0.9,0.56,1
0.97,0.51,1
1.0,0.49,1
1.03,0.46,1
1.06,0.43,1
1.09,0.39,1
1.12,0.36,1
1.15,0.32,2
1.17,0.28,2
1.19,0.24,1
1.21,0.19,2
1.22,0.14,2
1.23,0.1,2
1.24,0.05,1
1.24,0.0,2
1.24,-0.05,1
1.23,-0.1,1
1.22,-0.15,1
1.21,-0.2,1
1.19,-0.25,1
1.17,-0.29,1
1.15,-0.33,1
1.12,-0.37,1
1.09,-0.41,1
1.02,-0.47,1
0.94,-0.52,1
0.9,-0.54,1
0.86,-0.55,1
0.82,-0.56,1
0.78,-0.57,1
0.74,-0.58,1
0.7,-0.58,2
0.66,-0.58,1
0.62,-0.57,1
0.59,-0.56,1
0.55,-0.55,1
0.52,-0.54,1
0.48,-0.53,1
0.45,-0.51,2
0.42,-0.49,1
0.4,-0.47,1
0.37,-0.45,2
0.35,-0.43,1
0.33,-0.4,2
0.31,-0.38,2
0.26,-0.29,2
0.24,-0.26,1
0.23,-0.23,1
0.22,-0.2,2
0.21,-0.17,1
0.21,-0.13,1
0.2,-0.06,2
0.2,-0.02,1
0.2,0.01,1
0.2,0.05,1
0.21,0.09,2
0.21,0.14,1
0.22,0.18,1
0.23,0.23,1
0.25,0.28,2
0.27,0.33,1
0.29,0.38,2
0.32,0.44,1
0.36,0.5,1
0.41,0.57,1
0.46,0.64,1
0.54,0.72,1
0.63,0.8,1
0.75,0.88,1
0.92,0.95,1
1.13,1.01,1
1.42,1.02,1
1.78,0.9,1
2.15,0.59,1
2.35,0.03,1
2.18,-0.59,1
1.72,-0.97,1
1.22,-1.04,1
0.84,-0.91,1
0.59,-0.71,1
0.44,-0.48,1
0.36,-0.24,3
0.34,0.03,2
0.41,0.38,1
0.86,0.95,1
2.29,-0.95,1
0.39,0.15,1
0.4,0.15,2
0.41,0.15,3
0.43,0.15,2
0.44,0.15,1
0.45,0.15,3
0.46,0.15,1
0.47,0.15,2
0.48,0.15,1
0.5,0.15,1
0.51,0.15,1
0.52,0.15,2
0.53,0.15,2
0.55,0.14,1
0.56,0.13,3
0.57,0.13,2
0.58,0.13,1
0.59,0.12,2
0.61,0.11,1
0.62,0.1,2
0.63,0.09,2
0.65,0.07,1
0.66,0.07,1
0.66,0.06,3
0.67,0.04,5
0.68,0.04,4
0.68,0.03,2
0.69,0.01,4
0.69,0.0,2
0.69,-0.01,2
0.69,-0.02,3
0.69,-0.03,1
0.68,-0.03,6
0.67,-0.03,2
0.67,-0.02,2
0.67,-0.01,2
0.67,0.0,1
0.67,0.01,1
0.7,0.06,2
0.71,0.07,1
0.72,0.08,1
0.75,0.1,2
0.81,0.13,1
0.84,0.14,2
0.9,0.14,1
0.94,0.13,1
0.97,0.11,1
1.01,0.09,1
1.03,0.05,1
1.05,0.0,1
1.05,-0.05,1
1.02,-0.09,1
0.98,-0.12,1
0.92,-0.12,2
0.85,0.0,1
0.92,0.1,1
1.11,0.05,2
0.88,-0.12,2
0.87,-0.17,2
0.86,-0.19,2
0.84,-0.21,2
0.83,-0.23,2
0.82,-0.25,2
0.8,-0.27,1
0.79,-0.29,1
0.77,-0.3,1
0.75,-0.32,2
0.73,-0.33,2
0.71,-0.34,1
0.7,-0.36,1
0.67,-0.37,1
0.65,-0.37,1
0.63,-0.38,1
0.61,-0.38,1
0.59,-0.39,2
0.57,-0.39,1
0.55,-0.39,1
0.53,-0.39,1
0.51,-0.39,2
0.49,-0.39,2
0.47,-0.38,1
0.45,-0.38,1
0.41,-0.36,1
0.4,-0.36,1
0.38,-0.35,2
0.36,-0.34,1
0.35,-0.32,1
0.33,-0.31,1
0.32,-0.3,1
0.31,-0.29,3
0.29,-0.27,2
0.28,-0.26,2
0.27,-0.24,1
0.26,-0.22,1
0.25,-0.2,1
0.24,-0.17,1
0.23,-0.15,1
0.22,-0.13,1
0.22,-0.11,1
0.21,-0.07,2
0.21,-0.04,2
0.21,-0.02,1
0.21,0.0,2
0.21,0.03,1
0.21,0.05,1
0.22,0.08,1
0.22,0.1,1
0.23,0.13,1
0.24,0.16,1
0.24,0.18,1
0.26,0.21,1
0.27,0.24,1
0.28,0.27,2
0.3,0.3,1
0.32,0.34,1
0.34,0.37,1
0.36,0.4,1
0.39,0.44,1
0.42,0.47,1
0.46,0.51,1
0.5,0.55,1
0.55,0.58,1
0.61,0.62,1
0.75,0.69,1
0.84,0.71,1
0.94,0.73,1
1.05,0.73,1
1.19,0.72,1
1.33,0.68,1
1.48,0.59,1
1.62,0.46,1
1.74,0.28,1
1.8,0.05,1
1.78,-0.2,1
1.67,-0.43,1
1.49,-0.61,1
1.29,-0.7,1
1.08,-0.73,1
0.89,-0.7,1
0.73,-0.62,3
0.61,-0.52,2
0.45,-0.26,2
0.42,-0.1,2
0.42,0.07,2
0.47,0.28,2
0.63,0.54,1
1.12,0.82,1
2.16,-0.05,1
0.73,-0.66,1
0.78,0.66,1
0.85,0.63,1
0.89,0.61,1
0.93,0.6,2
0.96,0.57,1
1.0,0.55,3
1.03,0.52,1
1.07,0.49,4
1.1,0.46,2
1.13,0.42,1
1.16,0.38,1
1.19,0.34,1
1.21,0.3,2
1.24,0.25,3
1.25,0.2,1
1.27,0.15,2
1.28,0.1,2
1.29,0.05,3
1.29,0.0,1
1.29,-0.06,3
1.28,-0.11,2
1.27,-0.16,2
1.26,-0.21,2
1.24,-0.26,3
1.22,-0.31,4
1.19,-0.35,1
1.16,-0.4,2
1.13,-0.44,3
1.05,-0.5,1
1.01,-0.53,1
0.89,-0.59,1
0.84,-0.61,2
0.8,-0.62,2
0.76,-0.62,1
0.72,-0.62,1
0.68,-0.62,1
0.64,-0.62,1
0.6,-0.61,2
0.56,-0.6,1
0.52,-0.59,1
0.49,-0.58,1
0.46,-0.56,1
0.4,-0.53,2
0.34,-0.48,1
0.32,-0.46,1
0.26,-0.38,1
0.24,-0.35,2
0.22,-0.32,1
0.21,-0.29,2
0.2,-0.26,1
0.17,-0.17,2
0.16,-0.06,2
0.16,-0.03,2
0.16,0.01,1
0.16,0.05,2
0.16,0.09,1
0.18,0.18,1
0.19,0.22,1
0.2,0.27,1
0.22,0.32,1
0.24,0.37,2
0.29,0.49,1
0.33,0.55,1
0.38,0.62,1
0.43,0.69,1
0.51,0.78,1
0.6,0.86,1
0.72,0.95,1
0.89,1.04,1
1.11,1.11,1
1.41,1.14,1
1.8,1.06,1
2.23,0.78,1
2.53,0.2,1
2.44,-0.52,1
1.4,-1.16,1
0.95,-1.06,1
0.66,-0.87,1
0.47,-0.64,1
0.36,-0.4,1
0.31,0.12,1
0.41,0.49,1
1.0,1.15,1
1.92,-1.36,1
0.35,0.23,2
0.37,0.24,1
0.38,0.24,1
0.39,0.24,2
0.41,0.25,1
0.42,0.25,3
0.44,0.25,3
0.47,0.25,2
0.48,0.25,1
0.51,0.25,1
0.53,0.25,1
0.55,0.24,2
0.56,0.24,1
0.57,0.24,1
0.58,0.23,1
0.6,0.23,1
0.61,0.22,1
0.62,0.22,2
0.64,0.21,2
0.65,0.2,1
0.67,0.19,1
0.68,0.18,1
0.69,0.17,1
0.7,0.16,1
0.71,0.15,1
0.72,0.14,1
0.74,0.11,2
0.76,0.09,2
0.76,0.07,1
0.77,0.05,1
0.78,0.03,1
0.78,0.02,1
0.78,0.0,1
0.78,-0.01,1
0.78,-0.02,1
0.78,-0.04,1
0.77,-0.05,1
0.77,-0.06,1
0.77,-0.08,1
0.76,-0.09,1
0.75,-0.1,1
0.75,-0.11,1
0.74,-0.12,1
0.73,-0.13,1
0.72,-0.13,1
0.71,-0.14,1
0.7,-0.14,1
0.69,-0.15,2
0.68,-0.15,1
0.67,-0.15,1
0.65,-0.14,1
0.63,-0.14,2
0.62,-0.14,1
0.61,-0.13,1
0.6,-0.11,2
0.59,-0.1,2
0.58,-0.09,1
0.57,-0.06,1
0.57,-0.04,1
0.56,-0.02,1
0.56,-0.01,1
0.57,0.02,1
0.57,0.04,1
0.58,0.06,2
0.63,0.16,2
0.65,0.19,1
0.72,0.24,1
0.76,0.26,1
0.81,0.28,1
0.87,0.29,2
0.94,0.29,2
1.01,0.28,1
1.09,0.24,1
1.16,0.18,1
1.21,0.08,1
1.23,-0.03,1
1.19,-0.15,2
1.1,-0.25,1
0.98,-0.28,1
0.85,-0.25,1
0.75,-0.14,3
0.72,0.02,2
0.84,0.23,2
1.3,0.14,1
0.76,-0.1,1
0.75,-0.12,1
0.74,-0.15,2
0.73,-0.17,1
0.72,-0.18,3
0.71,-0.2,1
0.69,-0.22,1
0.68,-0.24,2
0.66,-0.25,1
0.65,-0.26,1
0.64,-0.26,2
0.62,-0.27,1
0.61,-0.28,1
0.59,-0.28,1
0.58,-0.29,1
0.56,-0.29,2
0.55,-0.3,2
0.53,-0.3,2
0.52,-0.3,1
0.5,-0.3,1
0.49,-0.3,2
0.46,-0.29,1
0.45,-0.29,1
0.43,-0.28,1
0.42,-0.28,1
0.4,-0.27,1
0.39,-0.26,1
0.38,-0.26,1
0.37,-0.25,2
0.34,-0.22,2
0.33,-0.2,2
0.32,-0.19,1
0.31,-0.18,1
0.29,-0.15,1
0.29,-0.14,1
0.28,-0.12,1
0.28,-0.1,1
0.27,-0.09,2
0.27,-0.07,1
0.27,-0.05,1
0.27,-0.04,1
0.27,-0.02,2
0.27,0.0,1
0.27,0.02,1
0.27,0.04,1
0.27,0.06,1
0.28,0.08,1
0.28,0.11,1
0.29,0.13,1
0.3,0.15,2
0.31,0.17,1
0.33,0.22,1
0.36,0.27,1
0.4,0.33,2
0.42,0.35,2
0.44,0.38,1
0.47,0.41,1
0.51,0.43,1
0.63,0.51,1
0.8,0.57,1
0.88,0.58,1
0.96,0.58,1
1.05,0.57,1
1.14,0.54,1
1.24,0.49,1
1.34,0.42,1
1.43,0.33,1
1.5,0.2,1
1.54,0.05,1
1.53,-0.11,1
1.48,-0.27,1
1.39,-0.4,1
1.26,-0.5,1
1.11,-0.55,1
0.63,-0.39,1
0.51,-0.17,2
0.49,-0.04,2
0.77,0.52,1
1.27,0.64,1
1.8,-0.24,1
0.74,-0.51,1
0.94,0.6,1
0.98,0.58,1
1.01,0.55,2
1.05,0.52,2
1.08,0.49,2
1.12,0.46,1
1.18,0.38,1
1.2,0.34,3
1.23,0.3,1
1.25,0.25,1
1.26,0.2,2
1.28,0.15,1
1.29,0.1,2
1.3,-0.01,1
1.3,-0.06,1
1.29,-0.11,2
1.28,-0.17,1
1.26,-0.22,2
1.25,-0.27,1
1.2,-0.36,1
1.17,-0.4,2
1.14,-0.44,1
1.1,-0.48,2
1.06,-0.51,3
1.02,-0.54,3
0.98,-0.57,1
0.94,-0.59,1
0.9,-0.6,2
0.86,-0.62,2
0.81,-0.63,2
0.77,-0.64,2
0.73,-0.64,2
0.69,-0.64,3
0.65,-0.64,2
0.61,-0.64,2
0.57,-0.63,2
0.5,-0.61,3
0.3,-0.47,1
0.26,-0.42,2
0.2,-0.34,3
0.19,-0.31,2
0.18,-0.28,2
0.17,-0.25,2
0.13,-0.09,3
0.13,-0.06,2
0.13,-0.02,2
0.14,0.09,1
0.14,0.13,2
0.15,0.17,1
0.16,0.22,2
0.17,0.26,2
0.23,0.41,1
0.25,0.47,1
0.32,0.6,1
0.37,0.67,1
0.43,0.74,2
0.51,0.82,1
0.6,0.91,1
0.73,1.0,2
0.89,1.09,2
1.12,1.17,1
1.42,1.2,1
1.81,1.14,1
2.26,0.87,1
2.6,0.32,1
2.58,-0.42,1
2.15,-1.0,1
1.57,-1.22,1
1.08,-1.16,1
0.74,-0.99,1
0.53,-0.77,1
0.31,-0.32,2
0.3,0.21,1
0.43,0.61,1
1.25,1.33,1
1.45,-1.45,1
0.36,0.33,1
0.37,0.34,1
0.39,0.34,2
0.4,0.34,1
0.43,0.35,1
0.45,0.35,1
0.47,0.35,1
0.48,0.35,1
0.5,0.35,1
0.52,0.35,1
0.54,0.35,1
0.55,0.35,2
0.59,0.34,1
0.61,0.33,1
0.63,0.33,1
0.66,0.31,1
0.68,0.3,3
0.7,0.29,3
0.72,0.28,1
0.75,0.26,1
0.77,0.25,1
0.78,0.23,1
0.8,0.22,1
0.81,0.2,1
0.82,0.18,1
0.84,0.16,1
0.85,0.14,1
0.86,0.12,1
0.87,0.1,1
0.87,0.08,1
0.88,0.06,2
0.88,0.04,2
0.89,-0.03,1
0.88,-0.05,1
0.88,-0.08,1
0.87,-0.12,1
0.86,-0.14,1
0.85,-0.16,1
0.83,-0.17,2
0.82,-0.19,2
0.81,-0.2,1
0.79,-0.22,1
0.77,-0.23,3
0.76,-0.24,2
0.74,-0.25,1
0.72,-0.25,1
0.7,-0.26,1
0.68,-0.26,2
0.66,-0.26,1
0.6,-0.25,2
0.59,-0.24,2
0.55,-0.22,1
0.54,-0.21,2
0.52,-0.19,1
0.5,-0.16,3
0.48,-0.12,3
0.47,-0.1,3
0.47,-0.07,1
0.46,-0.02,9
0.47,0.04,7
0.48,0.1,1
0.49,0.13,3
0.53,0.21,2
0.59,0.28,2
0.63,0.32,1
0.67,0.36,2
0.73,0.39,1
0.81,0.42,1
0.9,0.44,1
1.0,0.45,1
1.12,0.42,1
1.25,0.35,1
1.37,0.23,1
1.44,0.05,1
1.42,-0.16,1
1.3,-0.34,1
0.9,-0.43,1
0.63,-0.16,1
0.8,0.36,1
1.54,0.18,1
0.63,-0.1,1
0.63,-0.11,2
0.62,-0.12,1
0.62,-0.13,1
0.61,-0.14,1
0.6,-0.15,2
0.59,-0.16,2
0.58,-0.17,1
0.57,-0.18,1
0.56,-0.18,1
0.55,-0.19,1
0.54,-0.19,1
0.53,-0.2,1
0.52,-0.2,1
0.5,-0.2,2
0.49,-0.2,1
0.47,-0.2,2
0.46,-0.2,1
0.45,-0.2,1
0.44,-0.19,1
0.43,-0.19,2
0.42,-0.18,1
0.41,-0.18,1
0.4,-0.17,2
0.39,-0.17,1
0.39,-0.16,1
0.38,-0.15,1
0.36,-0.13,1
0.36,-0.12,1
0.35,-0.11,1
0.35,-0.1,2
0.34,-0.08,1
0.34,-0.07,2
0.34,-0.06,1
0.33,-0.05,2
0.33,-0.03,1
0.33,-0.02,1
0.33,-0.01,1
0.33,0.01,1
0.33,0.02,1
0.34,0.04,1
0.34,0.06,1
0.34,0.07,2
0.35,0.09,1
0.35,0.1,1
0.36,0.12,1
0.37,0.14,1
0.39,0.18,1
0.4,0.19,2
0.42,0.23,2
0.48,0.29,1
0.5,0.31,1
0.52,0.33,2
0.58,0.36,1
0.61,0.38,2
0.65,0.4,1
0.69,0.41,2
0.78,0.43,1
0.83,0.43,2
0.88,0.43,1
0.94,0.42,1
1.0,0.4,1
1.07,0.38,1
1.13,0.34,1
1.19,0.29,1
1.31,0.05,1
1.31,-0.05,1
1.29,-0.15,1
1.25,-0.24,1
1.18,-0.31,1
1.1,-0.37,1
1.0,-0.4,1
0.91,-0.4,1
0.82,-0.38,1
0.74,-0.34,2
0.67,-0.27,2
0.62,-0.19,1
0.58,0.02,1
0.61,0.15,1
0.9,0.43,1
1.31,0.4,1
1.49,-0.25,1
0.78,-0.37,1
1.1,0.43,1
1.15,0.36,1
1.2,0.27,1
1.22,0.23,1
1.23,0.18,1
1.25,0.14,1
1.25,0.09,1
1.26,0.04,1
1.26,-0.01,1
1.26,-0.06,2
1.25,-0.11,1
1.24,-0.16,1
1.23,-0.21,1
1.21,-0.26,1
1.19,-0.3,2
1.17,-0.34,1
1.14,-0.38,1
1.11,-0.42,1
1.08,-0.46,1
1.05,-0.49,1
1.01,-0.52,1
0.97,-0.54,1
0.93,-0.56,1
0.89,-0.58,1
0.81,-0.61,1
0.77,-0.62,1
0.66,-0.63,1
0.62,-0.63,1
0.58,-0.62,3
0.55,-0.61,2
0.51,-0.6,1
0.39,-0.55,4
0.34,-0.51,3
0.31,-0.49,2
0.29,-0.47,3
0.23,-0.4,2
0.21,-0.37,1
0.18,-0.32,1
0.17,-0.29,1
0.16,-0.26,1
0.15,-0.23,2
0.14,-0.2,2
0.14,-0.17,3
0.12,-0.11,1
0.12,0.06,2
0.13,0.14,1
0.16,0.26,1
0.17,0.31,1
0.19,0.35,2
0.21,0.4,2
0.3,0.57,2
0.34,0.63,1
0.39,0.7,1
0.46,0.77,1
0.53,0.85,2
0.63,0.93,1
0.93,1.1,1
1.15,1.17,1
1.44,1.19,1
1.81,1.12,1
2.23,0.87,1
2.55,0.37,1
2.58,-0.31,1
2.23,-0.9,1
1.7,-1.18,1
1.21,-1.19,1
0.85,-1.05,1
0.61,-0.86,1
0.45,-0.65,1
0.32,0.3,1
0.5,0.73,1
1.64,1.41,1
1.11,-1.32,1
0.39,0.43,2
0.4,0.44,1
0.42,0.44,2
0.45,0.44,1
0.47,0.44,1
0.49,0.45,1
0.51,0.45,1
0.53,0.45,1
0.55,0.44,1
0.58,0.44,1
0.6,0.44,1
0.62,0.43,1
0.65,0.43,1
0.67,0.42,2
0.72,0.4,1
0.74,0.39,1
0.76,0.38,1
0.79,0.36,1
0.83,0.33,1
0.85,0.31,1
0.89,0.27,2
0.91,0.25,1
0.93,0.22,1
0.94,0.2,1
0.96,0.17,1
0.97,0.14,1
0.98,0.11,1
0.99,0.08,1
0.99,0.05,1
1.0,-0.01,1
1.0,-0.04,1
0.99,-0.07,2
0.98,-0.13,1
0.97,-0.16,2
0.95,-0.19,1
0.94,-0.21,1
0.92,-0.24,1
0.9,-0.26,1
0.88,-0.28,1
0.86,-0.3,1
0.84,-0.32,1
0.79,-0.34,1
0.76,-0.35,1
0.73,-0.36,2
0.71,-0.36,1
0.68,-0.36,1
0.65,-0.36,1
0.63,-0.36,3
0.6,-0.35,1
0.58,-0.35,2
0.53,-0.32,1
0.51,-0.31,1
0.44,-0.24,1
0.42,-0.22,1
0.41,-0.19,1
0.38,-0.11,2
0.38,-0.08,1
0.37,-0.05,2
0.38,0.08,1
0.39,0.12,1
0.42,0.2,1
0.47,0.29,2
0.5,0.34,1
0.59,0.44,2
0.65,0.49,1
0.73,0.54,1
0.83,0.58,1
0.96,0.6,1
1.11,0.6,1
1.29,0.56,1
1.48,0.44,1
1.63,0.21,1
1.68,-0.09,1
1.55,-0.39,1
1.3,-0.58,1
1.01,-0.61,1
0.77,-0.52,1
0.61,-0.35,1
0.77,0.51,1
1.85,0.11,1
0.54,-0.05,2
0.53,-0.06,2
0.53,-0.07,3
0.52,-0.08,3
0.51,-0.09,2
0.5,-0.09,1
0.5,-0.1,2
0.49,-0.1,2
0.48,-0.1,2
0.45,-0.1,3
0.44,-0.1,1
0.44,-0.09,3
0.43,-0.08,2
0.42,-0.08,1
0.41,-0.05,1
0.4,-0.03,1
0.4,-0.02,1
0.4,-0.01,2
0.4,0.0,1
0.4,0.01,1
0.41,0.02,1
0.41,0.04,1
0.41,0.05,1
0.43,0.09,3
0.43,0.1,1
0.45,0.12,2
0.45,0.13,1
0.46,0.14,2
0.47,0.16,1
0.5,0.18,2
0.51,0.19,2
0.54,0.22,1
0.56,0.23,1
0.58,0.24,1
0.62,0.26,1
0.64,0.27,1
0.67,0.28,1
0.69,0.28,1
0.75,0.29,2
0.79,0.29,2
0.82,0.29,1
0.85,0.28,1
0.93,0.26,2
0.97,0.24,1
1.0,0.21,1
1.04,0.18,1
1.07,0.14,2
1.09,0.1,1
1.11,0.0,1
1.11,-0.05,1
1.1,-0.11,1
1.07,-0.15,2
0.99,-0.23,1
0.78,-0.21,1
0.74,-0.17,1
0.7,-0.11,1
0.82,0.23,3
0.98,0.29,1
1.23,0.19,1
1.26,-0.19,1
0.83,-0.24,1
1.12,0.28,1
1.14,0.24,1
1.15,0.2,1
1.17,0.16,1
1.18,0.12,1
1.18,0.07,1
1.19,0.03,1
1.19,-0.01,1
1.18,-0.1,2
1.17,-0.15,1
1.16,-0.19,1
1.15,-0.23,1
1.13,-0.27,1
1.11,-0.31,1
1.09,-0.34,2
1.06,-0.38,1
1.03,-0.41,2
1.01,-0.44,1
0.97,-0.47,1
0.94,-0.49,2
0.91,-0.51,1
0.87,-0.53,1
0.84,-0.55,2
0.8,-0.56,2
0.77,-0.57,1
0.73,-0.58,1
0.66,-0.59,2
0.63,-0.59,2
0.59,-0.59,1
0.56,-0.58,1
0.53,-0.57,2
0.5,-0.57,1
0.47,-0.56,1
0.41,-0.53,3
0.36,-0.5,1
0.33,-0.48,2
0.31,-0.46,1
0.29,-0.44,1
0.27,-0.42,2
0.24,-0.38,2
0.22,-0.36,1
0.21,-0.33,2
0.17,-0.26,2
0.16,-0.23,2
0.15,-0.2,2
0.13,-0.03,1
0.13,0.01,2
0.13,0.04,4
0.15,0.18,1
0.18,0.3,3
0.2,0.34,2
0.22,0.39,1
0.24,0.44,1
0.3,0.54,1
0.34,0.6,2
0.38,0.66,1
0.51,0.79,1
0.59,0.86,1
0.69,0.93,1
0.82,1.0,1
0.99,1.06,1
1.2,1.1,1
1.47,1.1,1
1.8,1.01,1
2.14,0.77,1
2.4,0.34,1
2.45,-0.22,1
2.2,-0.74,1
1.77,-1.05,1
1.33,-1.13,1
0.97,-1.05,1
0.71,-0.9,1
0.53,-0.72,1
0.34,-0.34,1
0.3,-0.13,2
0.3,0.1,2
0.36,0.39,1
0.62,0.84,1
2.12,1.23,1
0.9,-1.13,1
0.45,0.53,1
0.47,0.53,1
0.5,0.53,1
0.52,0.53,1
0.55,0.53,1
0.6,0.53,1
0.63,0.52,1
0.66,0.52,1
0.69,0.51,1
0.72,0.5,1
0.74,0.49,1
0.77,0.48,2
0.8,0.47,1
0.83,0.45,1
0.86,0.43,1
0.89,0.42,2
0.91,0.39,1
0.94,0.37,1
0.96,0.34,1
0.99,0.32,1
1.01,0.29,1
1.03,0.26,1
1.05,0.22,1
1.06,0.19,1
1.08,0.15,1
1.09,0.12,1
1.1,0.08,1
1.1,0.04,1
1.1,0.0,1
1.1,-0.04,1
1.1,-0.08,1
1.09,-0.12,1
1.08,-0.16,1
1.07,-0.19,1
1.05,-0.23,1
1.03,-0.26,2
1.01,-0.29,2
0.99,-0.32,2
0.96,-0.35,1
0.93,-0.37,1
0.9,-0.39,1
0.87,-0.41,1
0.84,-0.43,1
0.81,-0.44,1
0.77,-0.45,1
0.74,-0.45,1
0.71,-0.46,1
0.68,-0.46,1
0.64,-0.46,1
0.61,-0.45,1
0.58,-0.44,2
0.55,-0.43,1
0.52,-0.42,1
0.5,-0.41,1
0.47,-0.39,1
0.45,-0.37,1
0.43,-0.35,1
0.41,-0.33,1
0.39,-0.31,2
0.35,-0.26,2
0.34,-0.23,1
0.31,-0.14,2
0.3,-0.11,1
0.3,-0.08,1
0.29,-0.05,1
0.29,-0.01,2
0.29,0.03,2
0.3,0.07,1
0.31,0.15,1
0.33,0.19,1
0.34,0.24,1
0.36,0.29,1
0.42,0.39,2
0.46,0.45,1
0.58,0.57,1
0.66,0.63,2
0.77,0.69,1
0.9,0.74,1
1.07,0.77,1
1.29,0.76,1
1.55,0.66,1
1.8,0.43,1
1.94,0.05,1
1.85,-0.38,1
1.55,-0.69,1
1.17,-0.79,1
0.85,-0.71,1
0.63,-0.54,1
0.49,-0.33,1
0.47,0.23,2
2.18,-0.13,1
0.46,0.0,18
0.47,0.0,10
0.48,0.04,6
0.5,0.06,2
0.51,0.07,5
0.53,0.09,4
0.57,0.12,3
0.59,0.13,1
0.61,0.14,2
0.63,0.14,2
0.64,0.15,2
0.68,0.16,1
0.69,0.16,1
0.71,0.16,1
0.74,0.16,2
0.76,0.16,1
0.78,0.16,1
0.82,0.15,2
0.85,0.13,1
0.87,0.12,2
0.89,0.11,2
0.9,0.09,2
0.93,0.05,2
0.94,0.03,2
0.95,-0.01,1
0.95,-0.03,2
0.94,-0.05,1
0.93,-0.07,1
0.92,-0.08,1
0.9,-0.09,1
0.88,-0.1,1
0.86,-0.1,1
0.84,-0.09,2
0.81,-0.04,1
0.81,-0.01,1
0.82,0.03,1
0.85,0.08,1
1.09,0.06,1
1.1,-0.09,1
1.08,0.1,1
1.08,0.07,1
1.09,0.03,1
1.09,-0.01,2
1.09,-0.05,2
1.08,-0.08,1
1.08,-0.12,1
1.06,-0.19,1
1.04,-0.22,1
0.97,-0.35,1
0.95,-0.37,1
0.87,-0.44,1
0.84,-0.46,1
0.81,-0.47,1
0.78,-0.49,1
0.72,-0.51,1
0.69,-0.52,1
0.66,-0.52,1
0.63,-0.52,1
0.6,-0.52,1
0.57,-0.52,1
0.52,-0.51,1
0.49,-0.51,1
0.46,-0.5,1
0.44,-0.49,2
0.41,-0.48,2
0.39,-0.47,1
0.32,-0.42,2
0.31,-0.41,2
0.29,-0.39,1
0.27,-0.37,1
0.25,-0.35,1
0.24,-0.33,2
0.23,-0.31,1
0.2,-0.27,1
0.19,-0.24,1
0.16,-0.14,1
0.15,-0.06,1
0.15,-0.04,2
0.15,0.05,1
0.15,0.08,2
0.16,0.12,1
0.17,0.15,1
0.17,0.18,1
0.18,0.22,1
0.19,0.25,1
0.21,0.29,1
0.23,0.33,1
0.27,0.41,1
0.29,0.46,1
0.36,0.55,2
0.4,0.6,1
0.45,0.66,1
0.51,0.71,1
0.58,0.77,1
0.66,0.83,1
0.77,0.88,1
0.9,0.93,1
1.06,0.97,1
1.25,0.98,1
1.48,0.95,1
1.73,0.84,1
1.99,0.62,1
2.18,0.28,1
2.22,-0.14,1
2.07,-0.56,1
1.76,-0.85,1
1.41,-0.98,1
1.09,-0.97,1
0.83,-0.88,1
0.63,-0.74,1
0.41,-0.42,3
0.35,-0.24,1
0.35,0.18,1
0.79,0.9,1
2.43,0.73,1
0.78,-0.93,1
0.55,0.61,1
0.58,0.61,1
0.61,0.61,1
0.64,0.6,1
0.67,0.6,2
0.7,0.59,1
0.74,0.58,1
0.77,0.57,2
0.8,0.56,1
0.84,0.55,1
0.87,0.53,1
0.9,0.51,1
0.93,0.49,1
0.96,0.46,1
1.0,0.44,1
1.02,0.41,1
1.05,0.38,1
1.08,0.35,1
1.1,0.31,1
1.13,0.27,1
1.15,0.23,1
1.16,0.19,1
1.18,0.15,2
1.19,0.1,1
1.19,0.06,1
1.2,0.01,1
1.2,-0.04,1
1.19,-0.08,1
1.18,-0.13,1
1.17,-0.17,1
1.16,-0.22,1
1.14,-0.26,1
1.12,-0.3,1
1.06,-0.37,1
1.0,-0.43,1
0.96,-0.46,1
0.93,-0.48,1
0.89,-0.5,1
0.85,-0.51,1
0.81,-0.53,2
0.77,-0.53,1
0.74,-0.54,1
0.7,-0.54,1
0.66,-0.54,1
0.63,-0.53,1
0.59,-0.53,1
0.56,-0.52,1
0.52,-0.5,1
0.49,-0.49,1
0.46,-0.47,2
0.44,-0.46,1
0.41,-0.44,2
0.36,-0.39,1
0.34,-0.37,2
0.32,-0.34,1
0.29,-0.29,2
0.27,-0.23,1
0.26,-0.2,1
0.23,-0.06,2
0.23,-0.03,1
0.23,0.01,2
0.23,0.05,1
0.24,0.09,1
0.25,0.18,1
0.27,0.23,1
0.31,0.33,1
0.33,0.38,1
0.36,0.44,1
0.4,0.5,1
0.45,0.57,1
0.52,0.64,1
0.6,0.71,1
0.7,0.78,1
0.84,0.86,1
1.02,0.91,1
1.26,0.94,1
1.57,0.88,1
1.9,0.67,1
2.16,0.26,1
2.16,-0.31,1
1.84,-0.77,1
1.37,-0.95,1
0.97,-0.9,1
0.68,-0.73,1
0.5,-0.52,2
0.4,-0.28,1
0.43,0.32,1
0.81,0.84,1
2.35,-0.62,1
0.4,0.09,1
0.41,0.09,3
0.42,0.09,3
0.44,0.1,2
0.46,0.1,2
0.47,0.09,3
0.49,0.09,3
0.5,0.09,2
0.51,0.09,3
0.52,0.09,2
0.56,0.08,2
0.57,0.08,2
0.6,0.06,5
0.61,0.06,4
0.65,0.05,2
0.66,0.04,5
0.7,0.04,4
0.76,0.05,1
0.78,0.06,2
0.79,0.06,3
0.8,0.06,2
0.81,0.06,3
0.82,0.06,2
0.85,0.06,1
0.95,0.0,1
0.94,-0.03,1
0.94,0.01,1
0.97,0.03,2
1.03,0.0,1
0.97,-0.03,1
0.97,-0.06,1
0.96,-0.08,1
0.96,-0.11,1
0.95,-0.14,1
0.94,-0.17,1
0.93,-0.2,1
0.92,-0.22,1
0.9,-0.25,1
0.89,-0.27,1
0.87,-0.29,1
0.85,-0.31,1
0.83,-0.33,1
0.81,-0.35,1
0.79,-0.37,1
0.77,-0.38,1
0.75,-0.4,1
0.72,-0.41,2
0.7,-0.42,1
0.68,-0.43,1
0.65,-0.43,1
0.63,-0.44,2
0.6,-0.44,1
0.55,-0.44,1
0.51,-0.44,1
0.49,-0.44,1
0.46,-0.43,1
0.44,-0.42,1
0.42,-0.41,1
0.4,-0.4,1
0.38,-0.39,2
0.36,-0.38,1
0.35,-0.37,1
0.3,-0.33,1
0.28,-0.31,1
0.27,-0.29,1
0.26,-0.28,1
0.25,-0.26,1
0.24,-0.24,2
0.23,-0.22,1
0.21,-0.18,2
0.2,-0.13,1
0.19,-0.11,1
0.19,-0.06,1
0.18,-0.04,1
0.18,-0.01,1
0.18,0.01,2
0.19,0.04,1
0.19,0.09,1
0.2,0.12,1
0.21,0.18,1
0.22,0.21,1
0.24,0.25,1
0.27,0.31,2
0.28,0.35,1
0.31,0.38,1
0.33,0.42,1
0.39,0.5,1
0.43,0.54,1
0.48,0.59,1
0.53,0.63,1
0.59,0.67,1
0.66,0.72,1
0.74,0.76,1
0.84,0.79,1
0.96,0.82,1
1.1,0.83,1
1.26,0.81,1
1.44,0.76,1
1.62,0.65,1
1.8,0.47,1
1.92,0.22,1
1.96,-0.08,1
1.87,-0.39,1
1.68,-0.63,1
1.43,-0.78,1
1.17,-0.83,1
0.94,-0.8,1
0.75,-0.71,1
0.61,-0.6,2
0.39,-0.15,1
0.38,0.03,1
0.55,0.52,1
1.0,0.89,1
2.34,0.17,1
0.74,-0.75,1
0.68,0.66,1
0.72,0.65,1
0.75,0.64,1
0.79,0.63,1
0.83,0.62,1
0.86,0.6,2
0.9,0.58,1
0.94,0.56,1
0.97,0.54,1
1.01,0.51,1
1.04,0.49,1
1.07,0.45,1
1.1,0.42,1
1.13,0.38,1
1.16,0.35,1
1.18,0.3,1
1.21,0.26,2
1.23,0.21,1
1.24,0.17,1
1.26,0.07,1
1.27,0.02,2
1.27,-0.04,1
1.26,-0.09,1
1.25,-0.14,1
1.24,-0.19,1
1.22,-0.24,1
1.2,-0.28,1
1.18,-0.33,1
1.15,-0.37,1
1.12,-0.41,1
1.08,-0.45,1
1.05,-0.48,1
1.01,-0.51,1
0.97,-0.53,2
0.93,-0.55,2
0.89,-0.57,2
0.85,-0.58,1
0.68,-0.6,2
0.64,-0.6,1
0.6,-0.59,1
0.57,-0.58,1
0.46,-0.54,1
0.43,-0.52,2
0.41,-0.5,1
0.38,-0.48,1
0.33,-0.44,2
0.29,-0.38,1
0.27,-0.36,1
0.25,-0.33,1
0.24,-0.3,1
0.23,-0.27,1
0.2,-0.17,2
0.19,-0.14,1
0.18,-0.07,1
0.18,-0.03,2
0.18,0.04,1
0.19,0.13,1
0.24,0.31,1
0.26,0.37,1
0.29,0.43,1
0.32,0.49,1
0.41,0.62,1
0.48,0.7,1
0.56,0.78,1
0.66,0.86,1
0.8,0.95,1
0.99,1.02,1
1.23,1.07,1
1.56,1.05,1
1.96,0.88,1
2.33,0.47,1
2.43,-0.18,1
2.12,-0.79,1
1.59,-1.08,1
1.11,-1.07,1
0.76,-0.9,1
0.54,-0.68,1
0.4,-0.45,1
0.33,-0.21,1
0.32,0.07,1
0.41,0.43,1
0.91,1.03,1
2.17,-1.15,1
0.37,0.18,2
0.38,0.18,1
0.39,0.19,1
0.42,0.19,2
0.43,0.19,3
0.44,0.19,2
0.45,0.19,1
0.47,0.19,1
0.48,0.19,2
0.5,0.19,1
0.52,0.19,1
0.54,0.18,1
0.55,0.18,1
0.56,0.18,2
0.57,0.17,1
0.59,0.17,1
0.6,0.16,1
0.61,0.16,2
0.62,0.15,1
0.64,0.14,1
0.65,0.12,1
0.66,0.12,1
0.67,0.11,2
0.68,0.1,1
0.69,0.08,1
0.7,0.08,1
0.7,0.07,1
0.71,0.06,3
0.71,0.05,2
0.72,0.01,1
0.72,0.0,1
0.72,-0.01,1
0.72,-0.02,2
0.72,-0.03,1
0.72,-0.04,1
0.72,-0.05,1
0.71,-0.05,1
0.71,-0.06,1
0.7,-0.07,2
0.69,-0.07,1
0.69,-0.08,1
0.68,-0.08,2
0.67,-0.08,2
0.66,-0.08,1
0.65,-0.08,1
0.65,-0.07,1
0.64,-0.07,1
0.64,-0.05,1
0.63,-0.04,1
0.63,-0.03,1
0.63,-0.02,1
0.63,-0.01,1
0.63,0.0,1
0.63,0.02,1
0.63,0.03,1
0.65,0.06,4
0.67,0.1,1
0.69,0.12,1
0.73,0.15,1
0.76,0.17,2
0.79,0.18,1
0.82,0.2,1
0.87,0.2,1
0.91,0.2,1
0.96,0.19,1
1.02,0.17,1
1.06,0.13,1
1.1,0.07,1
1.12,0.0,1
1.11,-0.08,1
1.06,-0.15,1
0.99,-0.19,1
0.9,-0.18,1
0.82,-0.11,1
0.79,0.01,1
0.88,0.15,1
1.18,0.09,1
0.83,-0.11,2
0.82,-0.13,1
0.82,-0.15,1
0.81,-0.17,1
0.8,-0.19,1
0.79,-0.21,1
0.72,-0.29,1
0.7,-0.3,2
0.68,-0.31,1
0.67,-0.32,1
0.65,-0.33,1
0.63,-0.34,1
0.61,-0.34,1
0.56,-0.35,2
0.52,-0.35,1
0.5,-0.35,1
0.49,-0.35,1
0.45,-0.34,1
0.43,-0.34,1
0.42,-0.33,3
0.4,-0.32,1
0.36,-0.3,1
0.33,-0.27,1
0.32,-0.26,1
0.31,-0.25,1
0.3,-0.23,1
0.28,-0.2,1
0.27,-0.19,1
0.26,-0.17,2
0.26,-0.15,1
0.25,-0.13,1
0.24,-0.11,1
0.24,-0.1,1
0.24,-0.08,1
0.23,-0.04,1
0.23,-0.01,1
0.23,0.03,1
0.24,0.05,1
0.24,0.08,1
0.24,0.1,1
0.25,0.13,1
0.26,0.15,1
0.27,0.18,1
0.28,0.2,1
0.29,0.23,1
0.3,0.26,1
0.34,0.32,1
0.38,0.38,3
0.41,0.41,2
0.44,0.44,1
0.47,0.47,1
0.51,0.51,1
0.56,0.54,1
0.61,0.57,1
0.73,0.63,1
0.9,0.66,1
0.99,0.67,1
1.1,0.66,1
1.22,0.63,1
1.35,0.57,1
1.48,0.47,1
1.59,0.34,1
1.67,0.16,1
1.69,-0.04,1
1.65,-0.25,1
1.54,-0.43,1
1.39,-0.57,1
1.2,-0.64,1
1.02,-0.66,1
0.86,-0.63,1
0.72,-0.56,1
0.61,-0.46,1
0.53,-0.35,1
0.47,-0.22,2
0.45,0.09,1
0.51,0.29,2
0.68,0.54,1
1.2,0.76,1
2.01,-0.16,1
0.85,0.64,1
0.88,0.63,1
0.96,0.59,1
1.03,0.54,1
1.07,0.51,1
1.24,0.27,1
1.26,0.22,1
1.29,0.12,1
1.3,0.01,1
1.3,-0.04,1
1.21,-0.34,1
1.15,-0.43,1
1.11,-0.47,1
0.99,-0.56,1
0.95,-0.58,1
0.74,-0.63,1
0.54,-0.61,1
0.5,-0.6,2
0.44,-0.57,1
0.41,-0.55,3
0.35,-0.51,2
0.3,-0.46,2
0.28,-0.44,2
0.2,-0.3,2
0.19,-0.27,1
0.17,-0.2,1
0.16,-0.17,1
0.15,-0.14,1
0.15,-0.1,1
0.14,-0.03,1
0.14,0.01,2
0.14,0.04,2
0.16,0.17,1
0.17,0.21,2
0.2,0.31,1
0.22,0.36,1
0.24,0.41,1
0.27,0.47,2
0.3,0.53,1
0.39,0.67,1
0.46,0.75,1
0.54,0.83,1
0.65,0.92,1
0.79,1.01,1
0.97,1.1,1
1.23,1.16,1
1.56,1.16,1
1.99,1.02,1
2.41,0.63,1
2.61,-0.05,1
2.36,-0.75,1
1.8,-1.14,1
1.26,-1.18,1
0.86,-1.04,1
0.6,-0.83,1
0.43,-0.6,2
0.29,-0.13,1
0.42,0.54,1
1.08,1.23,1
1.72,-1.43,1
0.35,0.27,1
0.36,0.28,1
0.38,0.28,2
0.39,0.28,1
0.4,0.29,1
0.42,0.29,1
0.43,0.29,1
0.44,0.29,1
0.46,0.29,2
0.49,0.29,2
0.5,0.29,1
0.53,0.29,1
0.54,0.29,2
0.58,0.28,1
0.61,0.27,1
0.62,0.27,1
0.64,0.26,1
0.67,0.24,2
0.68,0.23,1
0.69,0.23,2
0.71,0.21,1
0.72,0.2,1
0.73,0.19,1
0.75,0.18,1
0.77,0.15,2
0.78,0.14,1
0.79,0.12,1
0.8,0.09,1
0.82,0.04,1
0.82,0.02,1
0.82,0.0,2
0.82,-0.01,1
0.82,-0.03,1
0.82,-0.05,1
0.82,-0.07,1
0.81,-0.08,2
0.8,-0.1,1
0.8,-0.11,1
0.79,-0.13,1
0.78,-0.14,1
0.77,-0.15,1
0.76,-0.16,2
0.75,-0.17,2
0.73,-0.18,1
0.7,-0.19,1
0.68,-0.19,2
0.66,-0.19,1
0.65,-0.19,2
0.62,-0.18,1
0.6,-0.18,2
0.59,-0.17,1
0.58,-0.16,1
0.56,-0.14,1
0.54,-0.11,1
0.53,-0.09,2
0.52,-0.03,1
0.52,0.0,1
0.52,0.02,1
0.53,0.05,1
0.6,0.19,1
0.66,0.26,1
0.75,0.31,3
0.81,0.34,1
0.88,0.35,1
1.05,0.34,1
1.15,0.29,1
1.24,0.21,1
1.3,0.08,1
1.31,-0.07,1
1.25,-0.22,1
0.95,-0.35,1
0.7,-0.15,1
0.82,0.28,1
1.39,0.16,1
0.71,-0.1,1
0.7,-0.12,2
0.7,-0.13,1
0.66,-0.18,1
0.64,-0.2,1
0.63,-0.21,1
0.62,-0.22,1
0.61,-0.23,1
0.6,-0.23,2
0.56,-0.25,1
0.55,-0.25,2
0.54,-0.26,1
0.52,-0.26,1
0.5,-0.26,1
0.48,-0.26,1
0.47,-0.26,1
0.46,-0.25,1
0.45,-0.25,1
0.43,-0.25,1
0.41,-0.24,1
0.4,-0.23,1
0.39,-0.22,1
0.38,-0.22,2
0.36,-0.2,2
0.35,-0.19,1
0.34,-0.18,1
0.34,-0.17,1
0.33,-0.16,1
0.32,-0.14,1
0.32,-0.13,1
0.31,-0.12,1
0.31,-0.1,2
0.3,-0.09,1
0.3,-0.07,1
0.3,-0.06,1
0.29,-0.04,1
0.29,-0.03,1
0.29,0.01,1
0.3,0.05,1
0.3,0.06,1
0.3,0.08,2
0.31,0.1,2
0.32,0.12,1
0.32,0.14,2
0.33,0.16,1
0.34,0.19,1
0.35,0.21,1
0.37,0.23,1
0.4,0.28,1
0.42,0.3,1
0.44,0.32,1
0.46,0.35,1
0.52,0.39,1
0.55,0.42,1
0.63,0.46,1
0.68,0.48,1
0.73,0.49,1
0.78,0.51,1
0.85,0.52,1
0.91,0.52,1
0.99,0.51,1
1.15,0.45,1
1.23,0.4,1
1.31,0.33,1
1.38,0.24,1
1.42,0.12,1
1.44,0.0,1
1.43,-0.14,1
1.38,-0.26,1
1.29,-0.37,1
1.18,-0.45,1
1.06,-0.49,1
0.82,-0.47,1
0.64,-0.34,2
0.58,-0.25,1
0.53,-0.01,1
0.55,0.13,1
0.63,0.3,2
0.83,0.49,1
1.3,0.54,1
1.66,-0.26,1
0.75,-0.45,1
1.04,0.52,2
1.13,0.43,1
1.16,0.39,1
1.23,0.26,1
1.25,0.21,1
1.27,0.16,2
1.28,0.06,1
1.28,-0.1,1
1.27,-0.15,1
1.26,-0.2,1
1.24,-0.25,1
1.22,-0.3,1
1.17,-0.38,1
1.14,-0.42,1
1.07,-0.49,1
1.03,-0.52,1
1.0,-0.55,1
0.91,-0.59,1
0.83,-0.62,1
0.45,-0.59,1
0.42,-0.57,2
0.23,-0.39,2
0.18,-0.31,2
0.12,-0.02,3
0.12,0.01,3
0.13,0.13,2
0.14,0.17,3
0.15,0.21,2
0.16,0.25,3
0.35,0.64,1
0.4,0.71,1
0.47,0.79,1
0.55,0.87,1
0.66,0.96,1
0.8,1.05,1
0.99,1.13,1
1.24,1.19,1
1.58,1.19,1
1.99,1.06,1
2.42,0.7,1
2.65,0.06,1
2.47,-0.66,1
1.96,-1.12,1
1.41,-1.23,1
0.97,-1.13,1
0.68,-0.94,1
0.49,-0.72,1
0.3,-0.28,1
0.31,0.25,1
0.46,0.66,1
1.39,1.39,1
1.29,-1.41,1
0.37,0.37,1
0.43,0.39,1
0.45,0.39,1
0.47,0.39,1
0.49,0.39,1
0.51,0.39,1
0.53,0.39,1
0.55,0.39,1
0.57,0.39,1
0.59,0.38,1
0.65,0.36,1
0.69,0.35,1
0.71,0.34,1
0.73,0.33,1
0.77,0.3,1
0.81,0.27,1
0.82,0.25,1
0.86,0.22,1
0.88,0.17,1
0.9,0.15,1
0.91,0.13,1
0.91,0.1,1
0.92,0.08,1
0.93,-0.05,1
0.93,-0.08,1
0.92,-0.1,1
0.91,-0.13,1
0.9,-0.15,1
0.89,-0.17,1
0.87,-0.19,2
0.86,-0.21,1
0.84,-0.23,1
0.8,-0.26,1
0.74,-0.29,1
0.72,-0.3,1
0.68,-0.3,1
0.65,-0.3,1
0.63,-0.3,1
0.61,-0.29,1
0.59,-0.29,1
0.55,-0.27,2
0.53,-0.26,1
0.5,-0.22,2
0.48,-0.21,1
0.46,-0.17,1
0.44,-0.12,1
0.46,0.16,2
0.48,0.2,1
0.53,0.28,1
0.56,0.32,1
0.61,0.37,1
0.66,0.41,1
0.73,0.45,1
0.81,0.48,1
0.92,0.51,1
1.04,0.51,2
1.18,0.48,1
1.34,0.39,1
1.47,0.24,1
1.54,0.01,1
1.48,-0.24,1
1.31,-0.44,1
1.08,-0.52,1
0.85,-0.47,1
0.68,-0.34,1
0.78,0.42,1
1.66,0.17,1
0.59,-0.08,1
0.59,-0.09,2
0.58,-0.1,1
0.58,-0.11,1
0.57,-0.12,2
0.56,-0.13,1
0.55,-0.13,1
0.55,-0.14,1
0.53,-0.15,3
0.52,-0.15,2
0.51,-0.16,1
0.49,-0.16,1
0.47,-0.16,2
0.46,-0.16,2
0.45,-0.16,1
0.44,-0.15,2
0.43,-0.15,1
0.42,-0.14,2
0.41,-0.13,1
0.4,-0.13,1
0.4,-0.12,2
0.39,-0.11,2
0.38,-0.1,1
0.38,-0.09,1
0.37,-0.08,1
0.37,-0.07,1
0.37,-0.06,1
0.36,-0.04,1
0.36,-0.03,1
0.36,-0.02,1
0.36,0.03,1
0.37,0.04,1
0.37,0.06,1
0.37,0.07,1
0.38,0.09,1
0.38,0.1,1
0.4,0.13,3
0.42,0.16,1
0.43,0.18,2
0.48,0.24,1
0.5,0.26,1
0.59,0.32,2
0.62,0.33,1
0.65,0.34,1
0.69,0.36,1
0.72,0.36,1
0.76,0.37,1
0.8,0.37,1
0.85,0.37,2
0.9,0.36,1
0.95,0.35,1
1.0,0.33,1
1.05,0.3,1
1.1,0.27,1
1.14,0.22,1
1.18,0.16,1
1.21,0.09,1
1.23,0.02,1
1.22,-0.06,1
1.21,-0.14,1
1.17,-0.21,2
1.11,-0.27,1
1.05,-0.31,1
0.97,-0.33,1
0.89,-0.34,1
0.82,-0.32,1
0.75,-0.28,2
0.69,-0.23,1
0.75,0.27,1
0.94,0.38,1
1.29,0.31,1
1.39,-0.23,1
0.8,-0.31,1
1.1,0.39,1
1.13,0.35,1
1.19,0.23,1
1.2,0.19,1
1.23,0.05,1
1.23,-0.05,1
1.23,-0.09,1
1.22,-0.14,1
1.21,-0.19,1
1.2,-0.23,1
1.18,-0.28,1
1.13,-0.36,1
1.1,-0.39,1
1.07,-0.43,1
1.01,-0.49,1
0.97,-0.52,1
0.94,-0.54,1
0.9,-0.56,1
0.86,-0.58,1
0.82,-0.59,1
0.79,-0.6,1
0.75,-0.61,1
0.71,-0.61,1
0.63,-0.61,1
0.53,-0.6,2
0.43,-0.56,2
0.33,-0.5,1
0.12,-0.07,1
0.12,0.02,2
0.17,0.3,1
0.19,0.34,2
0.21,0.39,2
0.23,0.44,3
0.38,0.67,1
0.51,0.81,1
0.59,0.89,1
0.71,0.97,1
0.85,1.05,1
1.04,1.12,1
1.28,1.16,1
1.6,1.14,1
1.97,1.0,1
2.34,0.67,1
2.56,0.11,1
2.45,-0.53,1
2.04,-1.0,1
1.53,-1.18,1
1.1,-1.14,1
0.78,-0.99,1
0.57,-0.8,1
0.29,-0.18,1
0.29,0.05,1
0.54,0.78,1
1.84,1.38,1
1.0,-1.25,1
0.41,0.47,3
0.43,0.48,1
0.45,0.48,1
0.47,0.48,1
0.5,0.48,1
0.52,0.48,1
0.54,0.48,1
0.57,0.48,1
0.59,0.48,1
0.62,0.47,1
0.64,0.47,1
0.67,0.46,1
0.69,0.45,1
0.72,0.44,2
0.75,0.43,1
0.77,0.42,1
0.8,0.41,1
0.82,0.39,1
0.87,0.35,1
0.89,0.33,1
0.92,0.31,1
0.96,0.26,1
0.97,0.23,1
0.99,0.2,1
1.0,0.17,1
1.02,0.14,1
1.03,0.11,1
1.04,0.08,1
1.04,0.04,3
1.04,0.01,2
1.04,-0.03,2
1.04,-0.06,2
1.03,-0.1,1
1.03,-0.13,2
1.01,-0.16,1
1.0,-0.19,1
0.98,-0.22,1
0.97,-0.25,1
0.95,-0.28,1
0.92,-0.3,1
0.9,-0.32,1
0.82,-0.37,2
0.79,-0.39,2
0.76,-0.39,1
0.73,-0.4,1
0.67,-0.4,1
0.64,-0.4,1
0.62,-0.4,1
0.54,-0.37,1
0.51,-0.36,1
0.47,-0.32,1
0.45,-0.31,3
0.43,-0.29,1
0.4,-0.24,1
0.36,-0.16,1
0.35,-0.13,2
0.35,0.11,1
0.36,0.15,2
0.38,0.19,2
0.45,0.33,1
0.48,0.38,1
0.53,0.44,1
0.65,0.55,1
0.74,0.6,1
0.86,0.64,2
1.0,0.67,1
1.18,0.67,1
1.39,0.61,1
1.6,0.45,1
1.76,0.17,1
1.76,-0.19,1
1.57,-0.51,1
1.26,-0.67,1
0.95,-0.66,1
0.71,-0.54,1
0.48,-0.11,1
1.99,0.04,1
0.5,-0.04,2
0.49,-0.05,4
0.48,-0.06,4
0.47,-0.06,4
0.45,-0.06,2
0.45,-0.05,2
0.44,-0.05,2
0.44,-0.04,3
0.44,-0.03,2
0.43,-0.02,2
0.43,-0.01,2
0.43,0.0,2
0.44,0.01,1
0.44,0.02,3
0.44,0.03,1
0.44,0.04,6
0.45,0.06,2
0.46,0.07,1
0.49,0.12,1
0.5,0.13,2
0.51,0.14,1
0.55,0.17,1
0.58,0.19,1
0.59,0.2,1
0.61,0.21,2
0.63,0.21,1
0.74,0.24,2
0.76,0.24,1
0.79,0.23,1
0.85,0.22,1
0.87,0.21,1
0.9,0.2,1
0.93,0.18,2
0.96,0.16,1
0.98,0.14,1
1.01,0.11,1
1.02,0.07,1
1.04,0.0,1
1.04,-0.04,2
1.03,-0.08,1
0.99,-0.14,1
0.96,-0.17,1
0.88,-0.18,1
0.84,-0.18,1
0.8,-0.16,1
0.77,-0.12,2
0.75,-0.08,2
0.74,0.04,1
0.78,0.12,1
0.86,0.19,1
1.18,0.13,1
1.11,0.2,1
1.12,0.16,1
1.13,0.12,1
1.14,0.08,1
1.15,0.04,1
1.15,0.0,2
1.15,-0.04,1
1.14,-0.08,1
1.14,-0.12,1
1.13,-0.16,1
1.12,-0.2,1
1.1,-0.24,1
1.08,-0.28,1
1.06,-0.31,1
1.04,-0.34,1
1.02,-0.38,1
0.99,-0.41,1
0.96,-0.43,1
0.93,-0.46,1
0.9,-0.48,1
0.87,-0.5,1
0.84,-0.51,1
0.77,-0.54,1
0.74,-0.55,1
0.71,-0.56,1
0.67,-0.56,1
0.64,-0.56,2
0.61,-0.56,2
0.58,-0.56,1
0.54,-0.56,1
0.51,-0.55,1
0.49,-0.54,2
0.4,-0.51,1
0.38,-0.49,1
0.35,-0.48,1
0.33,-0.46,1
0.31,-0.44,2
0.29,-0.43,1
0.27,-0.41,1
0.24,-0.36,1
0.22,-0.34,2
0.21,-0.32,1
0.15,-0.17,2
0.14,-0.14,2
0.14,-0.11,2
0.14,-0.08,1
0.13,-0.05,1
0.14,0.07,1
0.14,0.11,1
0.16,0.21,1
0.18,0.25,1
0.19,0.29,1
0.21,0.33,1
0.25,0.42,1
0.3,0.52,1
0.34,0.57,1
0.38,0.63,1
0.43,0.68,1
0.49,0.75,1
0.57,0.81,1
0.66,0.88,1
0.78,0.94,1
0.92,1.0,1
1.1,1.04,1
1.32,1.06,1
1.6,1.01,1
1.91,0.86,1
2.2,0.57,1
2.36,0.12,1
2.3,-0.4,1
2.01,-0.82,1
1.6,-1.04,1
1.21,-1.07,1
0.9,-0.98,1
0.67,-0.83,1
0.51,-0.66,1
0.34,-0.3,1
0.32,0.13,1
0.68,0.87,1
2.29,1.06,1
0.84,-1.05,1
0.48,0.57,1
0.51,0.57,1
0.54,0.57,1
0.57,0.57,1
0.59,0.56,1
0.62,0.56,1
0.65,0.56,1
0.68,0.55,1
0.71,0.54,1
0.74,0.53,2
0.78,0.52,1
0.81,0.51,1
0.84,0.49,1
0.87,0.47,1
0.9,0.45,1
0.93,0.43,1
0.95,0.41,1
0.98,0.38,1
1.01,0.35,1
1.03,0.32,1
1.05,0.29,1
1.08,0.26,1
1.09,0.22,1
1.11,0.18,1
1.12,0.14,1
1.13,0.1,1
1.14,0.06,2
1.14,0.02,1
1.15,-0.02,1
1.14,-0.07,1
1.14,-0.11,1
1.13,-0.15,1
1.11,-0.19,1
1.1,-0.23,1
1.08,-0.27,1
1.05,-0.3,1
1.03,-0.33,1
1.0,-0.36,1
0.97,-0.39,1
0.94,-0.42,1
0.91,-0.44,1
0.87,-0.45,1
0.84,-0.47,1
0.8,-0.48,1
0.77,-0.49,1
0.7,-0.49,1
0.66,-0.49,1
0.63,-0.49,1
0.6,-0.48,1
0.56,-0.47,1
0.5,-0.45,2
0.48,-0.43,1
0.45,-0.42,1
0.43,-0.4,1
0.4,-0.38,1
0.36,-0.33,1
0.35,-0.3,2
0.33,-0.28,1
0.32,-0.25,1
0.29,-0.19,1
0.28,-0.16,1
0.28,-0.13,2
0.27,-0.06,1
0.27,0.01,1
0.27,0.05,1
0.27,0.09,1
0.28,0.13,1
0.29,0.18,1
0.31,0.22,2
0.33,0.27,1
0.51,0.56,1
0.58,0.62,1
0.67,0.69,1
0.79,0.76,1
0.94,0.81,1
1.14,0.84,1
1.39,0.82,1
1.68,0.69,1
1.95,0.39,1
2.05,-0.07,1
1.87,-0.54,1
1.49,-0.81,1
1.09,-0.85,1
0.78,-0.73,1
0.57,-0.54,1
0.4,-0.06,3
0.79,0.74,1
2.28,-0.31,1
0.43,0.04,2
0.52,0.05,2
0.55,0.07,7
0.6,0.09,3
0.61,0.09,2
0.62,0.09,2
0.63,0.1,2
0.66,0.1,2
0.68,0.11,1
0.7,0.11,2
0.71,0.11,1
0.72,0.11,2
0.75,0.11,1
0.79,0.1,1
0.8,0.1,1
0.81,0.09,1
0.85,0.07,1
0.86,0.06,1
0.87,0.05,1
0.89,0.03,3
0.89,0.02,1
0.9,0.01,1
0.89,-0.04,2
0.88,-0.04,1
0.87,-0.03,1
0.87,-0.02,1
0.87,-0.01,2
0.88,0.01,1
0.89,0.04,1
0.92,0.06,1
0.97,0.06,1
1.03,0.03,1
0.96,-0.07,2
1.03,-0.09,1
1.02,-0.16,1
1.01,-0.19,1
0.98,-0.25,1
0.96,-0.28,1
0.9,-0.36,2
0.88,-0.38,1
0.85,-0.4,2
0.83,-0.42,1
0.8,-0.43,1
0.78,-0.45,1
0.75,-0.46,1
0.69,-0.48,1
0.67,-0.48,1
0.64,-0.49,1
0.56,-0.49,1
0.53,-0.49,1
0.51,-0.48,1
0.48,-0.48,1
0.43,-0.46,1
0.41,-0.45,1
0.37,-0.43,2
0.35,-0.41,1
0.28,-0.35,1
0.26,-0.33,1
0.25,-0.31,2
0.22,-0.27,1
0.21,-0.25,1
0.19,-0.21,2
0.19,-0.18,1
0.18,-0.16,1
0.17,-0.13,1
0.17,-0.11,2
0.16,0.0,2
0.16,0.02,1
0.17,0.08,2
0.17,0.11,1
0.18,0.15,1
0.2,0.21,1
0.21,0.25,1
0.24,0.32,1
0.26,0.36,1
0.28,0.4,1
0.3,0.44,1
0.33,0.48,1
0.36,0.53,2
0.4,0.57,1
0.45,0.62,1
0.5,0.67,1
0.57,0.72,1
0.65,0.77,1
0.74,0.82,1
0.85,0.87,1
0.99,0.9,1
1.15,0.92,1
1.34,0.9,1
1.56,0.83,1
1.79,0.69,1
1.99,0.44,1
2.11,0.11,1
2.08,-0.28,1
1.9,-0.62,1
1.61,-0.84,1
1.3,-0.92,1
1.01,-0.9,1
0.79,-0.81,1
0.62,-0.68,1
0.5,-0.53,1
0.41,-0.37,1
0.35,-0.01,2
0.48,0.5,1
0.87,0.91,1
2.44,0.48,1
0.76,-0.86,1
0.6,0.64,1
0.63,0.63,1
0.7,0.62,1
0.73,0.61,1
0.8,0.59,1
0.84,0.58,1
0.87,0.56,1
0.9,0.54,2
0.94,0.52,1
0.97,0.5,1
1.0,0.47,1
1.04,0.44,1
1.07,0.41,2
1.09,0.38,1
1.12,0.34,1
1.15,0.3,1
1.19,0.22,1
1.2,0.17,1
1.21,0.13,1
1.22,0.08,1
1.23,0.03,1
1.23,-0.02,1
1.23,-0.07,1
1.22,-0.12,1
1.21,-0.17,1
1.18,-0.26,1
1.07,-0.41,1
1.03,-0.44,1
1.0,-0.47,1
0.96,-0.5,1
0.92,-0.52,1
0.88,-0.53,1
0.76,-0.56,1
0.72,-0.57,1
0.68,-0.57,1
0.57,-0.55,1
0.54,-0.54,1
0.51,-0.53,1
0.47,-0.51,1
0.42,-0.47,1
0.39,-0.45,1
0.34,-0.41,2
0.3,-0.36,1
0.27,-0.3,1
0.26,-0.27,1
0.23,-0.21,1
0.22,-0.14,2
0.21,-0.11,1
0.21,0.04,1
0.21,0.08,1
0.22,0.12,2
0.23,0.17,1
0.24,0.21,2
0.25,0.26,1
0.3,0.37,1
0.32,0.42,1
0.36,0.48,1
0.4,0.55,1
0.46,0.62,1
0.53,0.69,1
0.62,0.77,1
0.74,0.85,1
0.89,0.93,1
1.1,0.98,1
1.37,1.0,1
1.72,0.9,1
2.08,0.62,1
2.3,0.1,1
2.19,-0.51,1
1.76,-0.92,1
1.27,-1.02,1
0.88,-0.91,1
0.62,-0.72,1
0.46,-0.49,1
0.35,0.02,2
0.42,0.37,1
0.84,0.92,1
2.33,-0.85,1
0.39,0.13,1
0.42,0.13,1
0.43,0.14,2
0.44,0.14,1
0.45,0.14,2
0.47,0.14,2
0.51,0.13,1
0.53,0.13,2
0.54,0.12,2
0.55,0.12,2
0.56,0.12,1
0.57,0.11,1
0.58,0.11,1
0.59,0.1,1
0.6,0.1,1
0.64,0.07,1
0.64,0.06,3
0.68,0.01,2
0.68,0.0,5
0.68,-0.01,11
0.73,0.06,3
0.74,0.07,1
0.75,0.08,1
0.78,0.1,1
0.82,0.11,1
0.84,0.12,1
0.9,0.11,1
0.93,0.11,1
0.96,0.09,1
0.98,0.07,1
1.02,-0.04,1
1.0,-0.07,1
0.97,-0.09,1
0.89,-0.06,1
0.87,0.0,1
0.93,0.08,1
1.09,0.04,1
0.92,-0.06,1
0.91,-0.09,1
0.91,-0.11,1
0.9,-0.14,2
0.89,-0.16,1
0.88,-0.19,1
0.87,-0.21,1
0.86,-0.23,2
0.84,-0.25,1
0.83,-0.27,1
0.79,-0.31,1
0.77,-0.32,1
0.76,-0.34,1
0.74,-0.35,1
0.72,-0.37,1
0.65,-0.39,1
0.63,-0.4,1
0.61,-0.4,1
0.59,-0.41,1
0.56,-0.41,1
0.54,-0.41,2
0.52,-0.41,1
0.5,-0.4,1
0.48,-0.4,1
0.46,-0.4,1
0.44,-0.39,1
0.42,-0.38,1
0.4,-0.37,1
0.39,-0.36,1
0.35,-0.34,1
0.34,-0.33,1
0.32,-0.32,2
0.28,-0.27,1
0.27,-0.25,1
0.26,-0.24,1
0.24,-0.2,1
0.23,-0.18,1
0.21,-0.12,1
0.21,-0.1,1
0.21,-0.08,1
0.2,-0.03,1
0.2,-0.01,1
0.2,0.02,1
0.2,0.04,1
0.21,0.07,1
0.22,0.15,1
0.23,0.18,1
0.25,0.24,1
0.27,0.27,1
0.28,0.3,1
0.3,0.33,1
0.32,0.36,1
0.35,0.4,1
0.37,0.44,1
0.44,0.51,1
0.48,0.55,1
0.53,0.59,1
0.59,0.62,1
0.65,0.66,1
0.72,0.7,1
0.81,0.73,1
0.91,0.75,1
1.03,0.76,1
1.16,0.75,1
1.31,0.72,1
1.47,0.64,1
1.63,0.51,1
1.76,0.33,1
1.84,0.09,1
1.83,-0.18,1
1.72,-0.43,1
1.54,-0.62,1
1.32,-0.73,1
1.1,-0.76,1
0.9,-0.72,1
0.73,-0.65,1
0.51,-0.41,1
0.45,-0.27,2
0.6,0.54,1
1.09,0.85,1
2.21,0.0,1
0.73,-0.68,1
0.75,0.66,1
0.79,0.65,1
0.82,0.64,1
0.86,0.62,1
0.9,0.6,1
0.97,0.56,1
1.01,0.54,1
1.08,0.48,1
1.11,0.44,1
1.14,0.41,1
1.17,0.37,1
1.19,0.33,1
1.22,0.28,1
1.24,0.24,1
1.25,0.19,1
1.27,0.14,1
1.28,0.09,1
1.28,0.03,1
1.28,-0.02,1
1.28,-0.07,1
1.27,-0.12,1
1.25,-0.23,1
1.23,-0.28,1
1.14,-0.41,1
1.11,-0.44,2
1.07,-0.48,1
1.0,-0.54,1
0.95,-0.56,1
0.91,-0.58,1
0.83,-0.61,1
0.78,-0.61,1
0.74,-0.62,1
0.7,-0.62,2
0.66,-0.62,2
0.62,-0.61,1
0.55,-0.59,2
0.51,-0.58,2
0.48,-0.57,2
0.44,-0.55,1
0.39,-0.51,1
0.36,-0.49,1
0.29,-0.42,1
0.25,-0.36,1
0.22,-0.3,2
0.2,-0.24,1
0.17,-0.15,1
0.16,-0.04,1
0.16,0.04,1
0.17,0.12,1
0.18,0.16,1
0.19,0.21,1
0.2,0.25,1
0.24,0.35,1
0.26,0.41,1
0.29,0.47,1
0.33,0.53,1
0.37,0.6,1
0.43,0.67,1
0.5,0.75,1
0.59,0.84,1
0.7,0.92,1
0.86,1.01,1
1.07,1.09,1
1.36,1.12,1
1.73,1.07,1
2.15,0.82,1
2.48,0.29,1
2.45,-0.42,1
2.02,-0.96,1
1.46,-1.15,1
1.0,-1.07,1
0.68,-0.88,1
0.49,-0.65,1
0.37,-0.42,1
0.31,-0.17,1
0.97,1.12,1
2.0,-1.31,1
0.36,0.22,1
0.37,0.22,1
0.38,0.22,1
0.39,0.23,1
0.41,0.23,2
0.43,0.23,1
0.44,0.24,1
0.45,0.24,1
0.47,0.24,1
0.49,0.24,1
0.5,0.23,1
0.51,0.23,2
0.52,0.23,2
0.53,0.23,1
0.55,0.23,1
0.56,0.22,1
0.58,0.22,1
0.6,0.21,1
0.62,0.2,1
0.63,0.19,1
0.64,0.19,1
0.65,0.18,1
0.66,0.17,2
0.67,0.16,1
0.69,0.14,1
0.7,0.13,1
0.71,0.12,1
0.73,0.1,1
0.74,0.08,1
0.75,0.07,1
0.76,0.04,1
0.76,0.03,1
0.76,0.02,1
0.76,0.0,1
0.76,-0.01,1
0.76,-0.03,1
0.76,-0.05,1
0.75,-0.06,1
0.75,-0.07,1
0.74,-0.09,1
0.73,-0.1,2
0.72,-0.11,1
0.71,-0.12,1
0.69,-0.13,1
0.67,-0.13,1
0.66,-0.13,1
0.65,-0.13,1
0.65,-0.12,2
0.64,-0.12,1
0.62,-0.11,1
0.61,-0.1,1
0.6,-0.09,1
0.59,-0.07,1
0.59,-0.05,1
0.58,-0.04,1
0.58,-0.02,1
0.58,0.0,1
0.58,0.01,1
0.59,0.03,1
0.59,0.06,3
0.61,0.1,1
0.67,0.17,1
0.7,0.2,2
0.77,0.24,1
0.81,0.25,1
0.87,0.26,1
0.99,0.25,1
1.06,0.22,1
1.2,-0.02,1
0.98,-0.26,1
0.77,-0.14,2
0.86,0.21,1
1.26,0.13,1
0.78,-0.12,1
0.72,-0.22,1
0.71,-0.23,1
0.7,-0.24,1
0.64,-0.28,2
0.62,-0.29,1
0.61,-0.3,1
0.59,-0.3,1
0.58,-0.31,1
0.56,-0.31,1
0.54,-0.31,1
0.53,-0.31,1
0.51,-0.32,1
0.5,-0.31,1
0.48,-0.31,1
0.47,-0.31,1
0.42,-0.3,1
0.39,-0.28,1
0.38,-0.27,1
0.37,-0.26,2
0.36,-0.25,1
0.34,-0.24,1
0.33,-0.23,1
0.32,-0.22,1
0.31,-0.21,1
0.3,-0.19,1
0.3,-0.18,1
0.28,-0.15,1
0.27,-0.12,1
0.27,-0.1,1
0.26,-0.08,1
0.26,-0.07,1
0.26,-0.03,1
0.26,-0.01,1
0.26,0.01,1
0.26,0.03,1
0.26,0.05,1
0.26,0.08,1
0.27,0.1,1
0.28,0.12,1
0.28,0.14,1
0.29,0.17,1
0.3,0.19,2
0.33,0.24,1
0.34,0.27,1
0.38,0.32,2
0.4,0.35,1
0.43,0.38,1
0.45,0.41,1
0.49,0.44,1
0.52,0.47,1
0.56,0.49,1
0.61,0.52,1
0.66,0.55,1
0.72,0.57,1
0.78,0.59,1
0.94,0.61,1
1.04,0.6,1
1.14,0.58,1
1.24,0.53,1
1.35,0.46,1
1.45,0.37,1
1.53,0.24,1
1.58,0.08,1
1.58,-0.1,1
1.53,-0.27,1
1.43,-0.41,1
1.29,-0.52,1
1.14,-0.58,1
0.98,-0.59,1
0.84,-0.56,1
0.72,-0.5,1
0.62,-0.41,1
0.5,-0.18,2
0.48,-0.05,2
1.26,0.68,1
1.86,-0.22,1
0.74,-0.53,1
0.95,0.59,1
1.02,0.54,1
1.13,0.45,1
1.16,0.41,1
1.13,-0.45,1
0.93,-0.59,1
0.76,-0.64,1
0.63,-0.64,1
0.56,-0.62,1
0.25,-0.41,1
0.21,-0.35,3
0.19,-0.3,1
0.16,-0.2,1
0.13,0.0,2
0.16,0.2,1
0.17,0.25,1
0.28,0.51,1
0.32,0.58,2
0.42,0.72,2
0.49,0.8,1
0.58,0.89,1
0.7,0.98,1
0.86,1.07,1
1.07,1.15,1
1.36,1.19,1
1.74,1.15,1
2.18,0.93,1
2.56,0.42,1
2.61,-0.31,1
2.22,-0.94,1
1.64,-1.21,1
1.13,-1.18,1
0.77,-1.0,1
0.54,-0.79,1
0.32,-0.33,1
0.28,-0.09,1
0.43,0.59,1
1.19,1.3,1
1.53,-1.45,1
0.37,0.32,1
0.43,0.33,1
0.44,0.33,1
0.46,0.33,1
0.47,0.33,1
0.49,0.33,1
0.51,0.33,2
0.54,0.33,1
0.56,0.33,1
0.58,0.32,1
0.63,0.31,1
0.66,0.29,1
0.68,0.29,1
0.7,0.28,1
0.71,0.27,2
0.73,0.25,1
0.76,0.23,1
0.77,0.21,1
0.79,0.2,1
0.8,0.18,1
0.81,0.17,2
0.83,0.13,1
0.85,0.09,1
0.86,0.07,1
0.87,0.01,1
0.87,-0.04,1
0.86,-0.06,1
0.86,-0.08,1
0.85,-0.1,1
0.85,-0.12,1
0.84,-0.13,1
0.83,-0.15,1
0.82,-0.17,1
0.8,-0.18,1
0.77,-0.21,1
0.76,-0.22,1
0.74,-0.22,1
0.72,-0.23,1
0.71,-0.24,1
0.69,-0.24,1
0.67,-0.24,1
0.64,-0.24,1
0.62,-0.23,1
0.57,-0.21,1
0.55,-0.2,1
0.54,-0.18,1
0.53,-0.17,2
0.5,-0.12,2
0.49,-0.09,1
0.48,-0.07,1
0.48,-0.02,1
0.48,0.0,1
0.49,0.06,3
0.54,0.19,1
0.57,0.23,1
0.6,0.26,1
0.68,0.34,1
0.74,0.37,2
0.81,0.4,1
0.99,0.42,1
1.1,0.4,1
1.22,0.34,1
1.33,0.23,1
1.4,0.06,1
1.39,-0.13,1
1.29,-0.3,1
1.11,-0.41,1
0.92,-0.41,1
0.8,0.34,1
1.49,0.17,1
0.65,-0.11,1
0.64,-0.13,1
0.63,-0.15,1
0.61,-0.17,1
0.59,-0.18,1
0.58,-0.19,1
0.57,-0.2,1
0.56,-0.2,1
0.55,-0.21,1
0.53,-0.21,1
0.52,-0.22,1
0.51,-0.22,2
0.49,-0.22,1
0.48,-0.22,1
0.46,-0.22,1
0.45,-0.21,1
0.44,-0.21,2
0.43,-0.21,1
0.42,-0.2,1
0.41,-0.2,1
0.4,-0.19,1
0.39,-0.18,1
0.38,-0.18,1
0.37,-0.16,1
0.36,-0.15,1
0.36,-0.14,1
0.34,-0.12,1
0.34,-0.11,1
0.33,-0.08,1
0.33,-0.07,1
0.32,-0.06,2
0.32,-0.04,1
0.32,-0.02,1
0.32,0.02,1
0.32,0.03,1
0.32,0.05,1
0.33,0.06,1
0.34,0.1,1
0.35,0.14,1
0.37,0.17,1
0.39,0.21,1
0.53,0.35,1
0.56,0.37,1
0.63,0.41,2
0.77,0.45,1
0.82,0.45,1
0.88,0.45,2
0.94,0.45,1
1.0,0.43,1
1.14,0.37,1
1.2,0.32,1
1.26,0.25,1
1.31,0.17,1
1.34,0.07,1
1.35,-0.04,1
1.33,-0.15,1
1.28,-0.25,1
1.21,-0.33,1
1.12,-0.39,1
1.02,-0.42,1
0.92,-0.43,1
0.82,-0.4,1
0.66,-0.29,1
0.56,0.01,1
1.31,0.44,1
1.54,-0.26,1
0.77,-0.39,1
1.05,0.49,1
1.08,0.46,1
1.11,0.43,1
1.14,0.39,1
1.17,0.35,1
1.19,0.31,1
1.23,0.22,1
1.25,0.17,1
1.26,0.12,1
1.27,0.07,1
1.27,-0.03,1
1.27,-0.08,1
1.26,-0.13,1
1.25,-0.18,1
1.23,-0.23,1
1.04,-0.5,1
1.0,-0.53,1
0.96,-0.56,1
0.92,-0.58,1
0.88,-0.59,1
0.72,-0.63,2
0.68,-0.63,2
0.64,-0.63,2
0.57,-0.62,1
0.53,-0.61,1
0.38,-0.54,2
0.12,0.05,2
0.13,0.08,1
0.13,0.12,2
0.14,0.16,2
0.15,0.2,3
0.17,0.29,1
0.33,0.62,1
0.44,0.76,1
0.51,0.83,1
0.61,0.92,1
1.1,1.16,1
1.38,1.2,1
1.75,1.15,1
2.17,0.93,1
2.53,0.47,1
2.62,-0.21,1
2.31,-0.84,1
1.78,-1.17,1
1.26,-1.21,1
0.88,-1.07,1
0.62,-0.88,1
0.46,-0.67,1
0.31,0.29,1
0.49,0.71,2
1.56,1.41,1
1.15,-1.35,1
0.38,0.42,1
0.4,0.42,1
0.42,0.42,1
0.44,0.43,1
0.46,0.43,1
0.48,0.43,1
0.5,0.43,1
0.54,0.43,1
0.56,0.43,1
0.58,0.42,1
0.61,0.42,1
0.65,0.41,1
0.67,0.4,1
0.72,0.38,1
0.76,0.36,1
0.78,0.34,1
0.81,0.33,1
0.83,0.31,1
0.85,0.29,1
0.87,0.27,1
0.88,0.25,1
0.9,0.23,1
0.92,0.21,1
0.94,0.15,1
0.95,0.13,1
0.96,0.1,1
0.97,0.07,1
0.98,0.04,1
0.98,0.01,1
0.97,-0.08,1
0.97,-0.11,1
0.96,-0.13,1
0.95,-0.16,1
0.93,-0.19,1
0.92,-0.21,1
0.9,-0.23,1
0.88,-0.26,1
0.84,-0.29,1
0.82,-0.31,1
0.79,-0.32,1
0.77,-0.33,1
0.72,-0.34,1
0.69,-0.35,1
0.67,-0.35,1
0.62,-0.34,1
0.59,-0.33,1
0.57,-0.33,1
0.55,-0.32,1
0.51,-0.29,1
0.49,-0.27,2
0.47,-0.25,1
0.41,-0.14,1
0.39,-0.06,1
0.39,-0.03,2
0.39,0.01,2
0.39,0.07,1
0.45,0.23,2
0.51,0.32,1
0.55,0.37,2
0.59,0.42,1
0.66,0.47,1
0.73,0.51,1
0.83,0.55,1
1.09,0.58,1
1.26,0.54,1
1.44,0.43,1
1.59,0.23,1
1.64,-0.06,1
1.54,-0.34,1
1.31,-0.54,1
1.03,-0.58,1
0.79,-0.51,1
0.63,-0.35,1
0.54,0.13,1
1.79,0.14,1
0.55,-0.07,2
0.54,-0.08,2
0.54,-0.09,1
0.53,-0.1,1
0.52,-0.1,1
0.51,-0.11,2
0.5,-0.11,1
0.49,-0.12,2
0.47,-0.12,1
0.45,-0.12,2
0.44,-0.11,2
0.43,-0.11,1
0.43,-0.1,1
0.41,-0.09,1
0.41,-0.08,2
0.4,-0.07,1
0.4,-0.05,1
0.39,-0.02,2
0.39,-0.01,1
0.39,0.0,1
0.39,0.02,1
0.4,0.04,1
0.4,0.05,1
0.4,0.06,1
0.41,0.07,1
0.41,0.08,3
0.43,0.12,1
0.44,0.13,1
0.49,0.2,1
0.54,0.24,1
0.56,0.25,1
0.58,0.26,2
0.6,0.27,1
0.63,0.28,1
0.65,0.29,1
0.71,0.31,1
0.78,0.31,1
0.82,0.31,1
0.86,0.31,1
0.9,0.3,1
0.94,0.28,1
0.98,0.26,1
1.02,0.24,2
1.05,0.2,1
1.09,0.16,1
1.12,0.12,1
1.14,-0.06,1
1.13,-0.12,1
1.1,-0.17,1
1.06,-0.22,1
1.0,-0.25,1
0.95,-0.27,1
0.88,-0.27,1
0.82,-0.26,2
0.69,-0.12,1
0.8,0.24,1
0.97,0.32,1
1.3,-0.2,1
1.14,0.27,1
1.16,0.23,1
1.17,0.19,1
1.19,0.11,1
1.2,0.06,1
1.2,0.02,1
1.2,-0.03,1
1.2,-0.07,1
1.19,-0.12,1
1.18,-0.16,1
1.09,-0.36,1
1.06,-0.4,1
1.03,-0.43,1
1.0,-0.46,1
0.97,-0.49,1
0.94,-0.51,1
0.9,-0.53,1
0.87,-0.55,1
0.83,-0.56,1
0.79,-0.58,1
0.76,-0.58,1
0.65,-0.6,1
0.37,-0.51,1
0.16,0.24,3
0.18,0.29,1
0.23,0.42,1
0.26,0.47,1
0.29,0.53,1
0.37,0.64,1
0.42,0.71,1
0.48,0.77,1
0.66,0.92,1
0.79,0.99,1
0.95,1.06,1
1.16,1.11,1
1.42,1.12,1
1.74,1.05,1
2.1,0.84,1
2.4,0.44,1
2.49,-0.13,1
2.28,-0.69,1
1.84,-1.04,1
1.38,-1.14,1
1.0,-1.08,1
0.73,-0.93,1
0.54,-0.74,1
0.36,0.38,2
0.59,0.82,1
2.05,1.29,1
0.92,-1.16,1
0.43,0.51,1
0.48,0.52,1
0.51,0.52,1
0.53,0.52,2
0.56,0.52,1
0.58,0.52,1
0.61,0.51,1
0.64,0.51,1
0.67,0.5,1
0.69,0.49,1
0.72,0.49,1
0.75,0.47,1
0.78,0.46,1
0.86,0.41,1
0.89,0.39,2
0.91,0.37,1
0.94,0.35,1
0.96,0.32,1
0.98,0.3,1
1.0,0.27,1
1.04,0.2,1
1.05,0.17,1
1.07,0.1,1
1.08,0.06,1
1.09,0.02,1
1.08,-0.09,1
1.07,-0.13,1
1.06,-0.16,1
1.05,-0.2,1
1.03,-0.23,1
1.01,-0.26,1
0.99,-0.29,1
0.96,-0.32,2
0.91,-0.37,1
0.88,-0.39,1
0.82,-0.42,1
0.79,-0.43,1
0.76,-0.44,1
0.72,-0.44,2
0.69,-0.44,1
0.66,-0.44,1
0.6,-0.43,1
0.57,-0.42,1
0.52,-0.4,1
0.47,-0.37,1
0.44,-0.35,2
0.39,-0.29,1
0.34,-0.21,1
0.33,-0.18,2
0.32,-0.15,1
0.31,-0.02,1
0.31,0.02,1
0.31,0.06,1
0.34,0.18,1
0.35,0.22,1
0.37,0.27,1
0.4,0.32,1
0.43,0.37,2
0.47,0.43,1
0.52,0.49,1
0.58,0.54,1
0.76,0.66,1
0.89,0.71,1
1.05,0.74,1
1.25,0.74,1
1.5,0.65,1
1.74,0.44,1
1.89,0.09,1
1.83,-0.32,1
1.56,-0.64,1
1.2,-0.76,1
0.88,-0.7,1
0.65,-0.54,1
0.45,-0.09,1
0.77,0.64,1
2.13,-0.07,1
0.47,-0.01,6
0.47,-0.02,7
0.46,-0.01,5
0.47,0.03,2
0.49,0.07,1
0.5,0.08,4
0.54,0.11,1
0.59,0.15,4
0.6,0.15,1
0.64,0.17,1
0.67,0.18,1
0.69,0.18,1
0.71,0.18,1
0.72,0.18,2
0.74,0.18,1
0.76,0.18,1
0.78,0.18,1
0.83,0.17,2
0.85,0.16,1
0.87,0.15,1
0.89,0.14,2
0.91,0.12,1
0.93,0.1,1
0.94,0.08,1
0.96,0.06,1
0.97,0.01,1
0.97,-0.02,1
0.95,-0.09,1
0.93,-0.11,1
0.91,-0.12,1
0.86,-0.12,1
0.79,-0.05,1
0.79,-0.01,1
0.8,0.04,1
0.83,0.09,1
0.99,0.15,1
1.12,0.08,1
1.09,0.13,1
1.1,0.09,1
1.1,0.05,1
1.11,0.02,1
1.11,-0.02,1
1.1,-0.06,1
1.1,-0.1,1
1.09,-0.14,1
1.08,-0.17,1
1.07,-0.21,1
1.05,-0.24,1
1.04,-0.28,1
1.02,-0.31,1
1.0,-0.34,1
0.97,-0.37,1
0.95,-0.39,1
0.92,-0.42,1
0.89,-0.44,1
0.87,-0.46,2
0.84,-0.48,1
0.81,-0.49,1
0.78,-0.51,1
0.74,-0.52,1
0.71,-0.52,1
0.68,-0.53,2
0.65,-0.53,1
0.62,-0.54,1
0.59,-0.54,1
0.56,-0.53,1
0.53,-0.53,1
0.48,-0.52,1
0.42,-0.5,1
0.4,-0.48,1
0.31,-0.42,1
0.29,-0.41,1
0.28,-0.39,1
0.26,-0.37,1
0.23,-0.33,1
0.19,-0.26,1
0.18,-0.23,1
0.17,-0.21,1
0.17,-0.18,2
0.15,-0.11,1
0.15,-0.08,2
0.15,0.07,2
0.16,0.14,1
0.17,0.17,1
0.21,0.32,1
0.23,0.36,1
0.25,0.4,1
0.28,0.45,1
0.31,0.49,1
0.34,0.54,1
0.38,0.6,1
0.43,0.65,1
0.55,0.76,1
0.74,0.88,1
0.86,0.94,1
1.02,0.98,1
1.21,1.0,1
1.44,0.98,1
1.7,0.89,1
1.98,0.7,1
2.2,0.36,1
2.27,-0.08,1
2.14,-0.52,1
1.83,-0.85,1
1.46,-1.0,1
1.12,-1.0,1
0.85,-0.91,1
0.64,-0.77,1
0.34,0.17,1
0.75,0.89,1
2.4,0.83,1
0.8,-0.97,1
0.53,0.6,1
0.56,0.6,1
0.59,0.6,1
0.62,0.59,1
0.65,0.59,1
0.68,0.58,1
0.71,0.58,1
0.74,0.57,1
0.78,0.56,1
0.81,0.54,1
0.84,0.53,1
0.87,0.51,1
0.9,0.49,1
0.94,0.47,1
0.97,0.45,1
1.0,0.42,1
1.02,0.39,1
1.05,0.36,1
1.08,0.33,1
1.1,0.29,1
1.14,0.21,1
1.17,0.13,1
1.18,0.04,1
1.18,-0.01,1
1.18,-0.05,1
1.17,-0.14,1
1.15,-0.19,1
1.14,-0.23,1
1.12,-0.27,1
1.1,-0.31,1
1.07,-0.34,1
1.04,-0.38,1
1.01,-0.41,1
0.98,-0.43,1
0.94,-0.46,1
0.91,-0.48,1
0.87,-0.49,1
0.79,-0.52,1
0.76,-0.52,1
0.65,-0.52,1
0.55,-0.5,1
0.51,-0.49,1
0.48,-0.47,1
0.46,-0.46,1
0.27,-0.21,1
0.25,-0.14,1
0.25,-0.11,1
0.24,-0.07,1
0.25,0.08,1
0.25,0.12,1
0.26,0.17,1
0.27,0.21,1
0.29,0.26,1
0.34,0.36,1
0.37,0.42,1
0.41,0.48,1
0.52,0.61,1
0.59,0.68,1
0.69,0.76,1
0.83,0.83,1
1.0,0.88,1
1.22,0.91,1
1.51,0.87,1
1.84,0.68,1
2.1,0.3,1
2.14,-0.23,1
1.86,-0.7,1
1.41,-0.91,1
1.0,-0.89,1
0.71,-0.73,1
0.52,-0.52,1
0.38,-0.03,1
2.35,-0.52,1
0.42,0.08,3
0.45,0.08,3
0.47,0.08,2
0.49,0.08,2
0.54,0.07,2
0.67,0.06,2
0.69,0.06,3
0.74,0.06,1
0.75,0.06,1
0.83,0.05,1
0.87,0.04,1
0.91,0.01,1
0.92,0.01,1
0.92,0.0,1
0.93,-0.01,5
0.94,0.0,1
0.96,0.01,1
0.99,0.01,1
1.01,-0.02,1
0.99,-0.01,1
0.99,-0.04,1
0.98,-0.1,1
0.97,-0.13,1
0.96,-0.19,1
0.94,-0.22,1
0.93,-0.24,1
0.91,-0.27,1
0.86,-0.34,1
0.84,-0.36,1
0.77,-0.4,1
0.75,-0.42,1
0.72,-0.43,1
0.7,-0.44,1
0.67,-0.45,1
0.65,-0.45,1
0.62,-0.46,1
0.57,-0.46,1
0.52,-0.45,1
0.47,-0.45,1
0.45,-0.44,1
0.43,-0.43,1
0.39,-0.41,1
0.37,-0.4,1
0.33,-0.37,1
0.32,-0.36,1
0.3,-0.34,1
0.27,-0.31,1
0.25,-0.27,1
0.22,-0.23,1
0.21,-0.21,1
0.19,-0.12,2
0.18,-0.1,1
0.18,-0.05,1
0.18,0.0,1
0.18,0.03,1
0.19,0.11,1
0.22,0.24,1
0.24,0.27,1
0.31,0.42,1
0.34,0.46,1
0.37,0.5,1
0.41,0.54,1
0.45,0.58,1
0.5,0.63,1
0.56,0.67,1
0.63,0.72,1
0.72,0.76,1
0.81,0.8,1
0.93,0.84,1
1.07,0.85,1
1.23,0.85,1
1.41,0.8,1
1.61,0.7,1
1.8,0.53,1
1.95,0.28,1
2.0,-0.04,1
1.93,-0.36,1
1.74,-0.63,1
1.48,-0.8,1
1.2,-0.86,1
0.96,-0.83,1
0.76,-0.74,1
0.5,-0.48,1
0.37,0.02,1
0.4,0.24,1
0.96,0.9,1
2.38,0.25,1
0.74,-0.78,1
0.66,0.65,1
0.69,0.65,1
0.73,0.64,1
0.76,0.63,1
0.8,0.62,1
0.83,0.6,1
0.87,0.59,1
0.91,0.57,1
0.94,0.55,1
0.98,0.52,1
1.01,0.5,1
1.04,0.47,1
1.13,0.37,1
1.16,0.33,1
1.18,0.29,1
1.24,0.15,1
1.25,0.1,1
1.26,0.0,1
1.25,-0.1,1
1.24,-0.15,1
1.23,-0.2,1
1.21,-0.25,1
1.16,-0.34,2
1.13,-0.38,2
1.1,-0.42,1
1.07,-0.45,2
1.03,-0.48,1
0.99,-0.51,1
0.91,-0.55,1
0.87,-0.57,1
0.79,-0.59,1
0.74,-0.59,1
0.7,-0.59,1
0.59,-0.58,1
0.55,-0.57,1
0.52,-0.56,1
0.45,-0.53,1
0.4,-0.49,1
0.37,-0.46,1
0.2,-0.15,1
0.19,-0.08,1
0.19,-0.04,1
0.2,0.16,1
0.23,0.25,1
0.24,0.3,1
0.27,0.35,1
0.29,0.41,1
0.32,0.47,1
0.41,0.6,1
0.47,0.67,1
0.55,0.75,1
0.65,0.83,1
0.78,0.92,1
1.19,1.05,1
1.5,1.04,1
1.89,0.9,1
2.26,0.52,1
2.41,-0.09,1
2.15,-0.71,1
1.65,-1.04,1
1.15,-1.06,1
0.79,-0.91,1
0.56,-0.7,1
0.89,1.0,1
2.23,-1.07,1
0.38,0.17,2
0.4,0.17,1
0.42,0.18,1
0.45,0.18,1
0.46,0.18,1
0.47,0.18,1
0.48,0.18,1
0.52,0.17,1
0.53,0.17,1
0.54,0.17,1
0.56,0.16,1
0.58,0.15,1
0.62,0.13,1
0.63,0.13,1
0.64,0.12,1
0.64,0.11,1
0.68,0.08,2
0.68,0.07,1
0.71,0.01,2
0.71,0.0,1
0.71,-0.01,1
0.71,-0.02,2
0.7,-0.05,2
0.69,-0.06,2
0.68,-0.06,2
0.67,-0.06,2
0.66,-0.06,1
0.66,-0.05,2
0.65,-0.05,1
0.65,-0.04,1
0.65,-0.03,1
0.65,0.01,1
0.65,0.02,1
0.65,0.03,1
0.72,0.12,1
0.8,0.16,1
0.91,0.18,1
0.95,0.17,1
1.0,0.15,1
1.04,0.11,1
1.07,0.06,1
1.09,0.0,1
1.08,-0.07,1
1.05,-0.13,1
0.98,-0.16,1
0.84,-0.1,1
0.9,0.13,1
0.86,-0.09,1
0.85,-0.11,1
0.85,-0.13,1
0.84,-0.15,1
0.81,-0.21,1
0.8,-0.23,1
0.78,-0.25,1
0.77,-0.27,1
0.74,-0.3,2
0.72,-0.31,1
0.7,-0.32,1
0.69,-0.33,1
0.67,-0.34,1
0.65,-0.35,1
0.61,-0.36,1
0.59,-0.36,1
0.57,-0.37,1
0.55,-0.37,1
0.53,-0.37,1
0.51,-0.37,1
0.49,-0.37,1
0.48,-0.36,1
0.46,-0.36,1
0.42,-0.35,1
0.41,-0.34,1
0.37,-0.32,1
0.36,-0.31,1
0.33,-0.29,1
0.31,-0.26,1
0.3,-0.25,1
0.29,-0.23,1
0.28,-0.22,1
0.27,-0.2,1
0.26,-0.18,1
0.23,-0.11,1
0.23,-0.09,1
0.23,-0.07,1
0.22,0.0,1
0.23,0.04,1
0.23,0.07,1
0.24,0.12,1
0.25,0.14,1
0.26,0.2,1
0.28,0.22,1
0.29,0.25,1
0.32,0.31,1
0.39,0.41,1
0.45,0.47,1
0.49,0.51,1
0.53,0.54,1
0.64,0.61,1
0.71,0.64,1
0.78,0.67,1
0.87,0.69,1
0.97,0.7,1
1.09,0.69,1
1.21,0.67,1
1.35,0.61,1
1.48,0.52,1
1.61,0.39,1
1.7,0.21,1
1.73,-0.01,1
1.7,-0.23,1
1.59,-0.43,1
1.43,-0.58,1
1.24,-0.67,1
1.04,-0.69,1
0.87,-0.65,1
0.72,-0.58,1
0.61,-0.48,1
0.52,-0.37,1
0.46,-0.23,1
0.66,0.54,1
1.17,0.79,1
2.07,-0.12,1
0.82,0.65,1
0.89,0.62,1
1.11,0.46,1
1.14,0.42,2
1.22,0.3,1
1.3,0.0,1
1.28,-0.16,1
1.19,-0.36,2
0.98,-0.56,2
0.94,-0.58,2
0.89,-0.6,1
0.85,-0.61,1
0.81,-0.62,1
0.6,-0.62,1
0.46,-0.57,1
0.4,-0.54,1
0.37,-0.52,1
0.34,-0.49,1
0.26,-0.39,1
0.16,-0.15,1
0.15,0.03,1
0.16,0.11,1
0.17,0.2,1
0.18,0.24,1
0.2,0.29,1
0.24,0.4,1
0.27,0.45,1
0.34,0.58,1
0.39,0.65,1
0.45,0.73,1
0.53,0.81,1
0.63,0.9,1
0.76,0.99,1
0.94,1.07,1
1.18,1.14,1
1.5,1.16,1
1.91,1.04,1
2.34,0.69,1
2.58,0.06,1
2.4,-0.66,1
1.87,-1.1,1
1.31,-1.18,1
0.89,-1.05,1
0.62,-0.84,1
0.35,-0.38,1
0.41,0.52,1
1.05,1.2,1
1.8,-1.41,1
0.35,0.26,1
0.36,0.26,1
0.38,0.27,1
0.39,0.27,1
0.4,0.27,1
0.41,0.27,1
0.43,0.27,1
0.45,0.28,1
0.46,0.28,1
0.48,0.28,1
0.51,0.28,1
0.53,0.27,1
0.55,0.27,1
0.56,0.27,1
0.59,0.26,1
0.61,0.25,1
0.62,0.25,1
0.65,0.23,1
0.66,0.23,1
0.67,0.22,1
0.69,0.21,1
0.71,0.19,1
0.75,0.15,1
0.77,0.12,1
0.77,0.11,1
0.78,0.09,1
0.8,0.05,1
0.8,0.03,1
0.8,0.02,1
0.81,0.0,1
0.81,-0.02,1
0.8,-0.05,1
0.8,-0.06,1
0.79,-0.08,1
0.79,-0.09,1
0.76,-0.13,1
0.73,-0.16,1
0.72,-0.16,1
0.7,-0.17,1
0.68,-0.17,1
0.67,-0.18,1
0.63,-0.17,1
0.59,-0.15,1
0.58,-0.14,1
0.57,-0.13,1
0.55,-0.08,1
0.54,-0.07,1
0.54,-0.03,1
0.54,0.02,1
0.54,0.04,1
0.87,0.33,1
0.95,0.33,1
1.03,0.31,1
1.12,0.27,1
1.28,-0.06,1
1.11,-0.29,1
0.83,0.26,1
1.35,0.15,1
0.73,-0.11,1
0.72,-0.12,1
0.72,-0.14,1
0.71,-0.15,1
0.69,-0.18,1
0.67,-0.2,1
0.66,-0.21,1
0.65,-0.22,1
0.64,-0.23,1
0.61,-0.25,1
0.57,-0.26,3
0.53,-0.27,1
0.48,-0.27,1
0.46,-0.27,1
0.43,-0.26,1
0.41,-0.25,1
0.4,-0.25,1
0.39,-0.24,1
0.38,-0.23,1
0.37,-0.22,1
0.36,-0.21,1
0.35,-0.2,1
0.34,-0.19,1
0.32,-0.17,1
0.32,-0.16,1
0.29,-0.1,1
0.29,-0.07,1
0.28,-0.05,2
0.28,0.02,1
0.31,0.14,1
0.32,0.16,1
0.33,0.18,1
0.34,0.2,1
0.37,0.25,1
0.4,0.3,1
0.42,0.32,1
0.5,0.4,1
0.53,0.42,1
0.57,0.45,1
0.61,0.47,1
0.66,0.49,1
0.71,0.51,1
0.77,0.53,1
0.83,0.54,1
0.98,0.54,1
1.15,0.49,1
1.24,0.44,1
1.33,0.37,1
1.4,0.27,1
1.46,0.15,1
1.48,0.01,1
1.47,-0.13,1
1.42,-0.27,1
1.33,-0.38,1
1.21,-0.47,1
1.08,-0.51,1
0.51,-0.02,1
0.8,0.5,1
1.29,0.58,1
1.72,-0.25,1
0.75,-0.47,1
0.98,0.57,1
1.11,0.45,1
1.17,0.38,1
1.22,0.29,1
1.29,0.04,1
1.29,-0.01,1
1.1,-0.47,1
0.54,-0.62,1
0.47,-0.59,1
0.41,-0.56,1
0.26,0.5,1
0.45,0.77,1
0.64,0.94,1
0.77,1.03,1
0.95,1.12,1
1.19,1.18,1
1.51,1.2,1
1.92,1.1,1
2.36,0.78,1
2.64,0.17,1
2.53,-0.57,1
2.04,-1.08,1
1.47,-1.23,1
1.01,-1.14,1
0.7,-0.96,1
0.5,-0.74,1
0.3,0.23,1
0.45,0.64,1
1.33,1.37,1
1.35,-1.43,1
0.36,0.36,1
0.38,0.36,1
0.39,0.37,1
0.41,0.37,1
0.48,0.37,1
0.5,0.37,1
0.52,0.37,1
0.57,0.37,1
0.61,0.36,1
0.63,0.35,1
0.65,0.35,1
0.67,0.34,1
0.69,0.33,1
0.71,0.32,1
0.73,0.31,1
0.75,0.3,1
0.77,0.28,1
0.78,0.27,1
0.8,0.25,1
0.83,0.22,1
0.85,0.2,1
0.86,0.18,1
0.87,0.16,1
0.88,0.13,1
0.91,0.06,1
0.91,0.04,1
0.91,-0.01,1
0.91,-0.03,1
0.91,-0.08,1
0.9,-0.11,1
0.89,-0.13,1
0.88,-0.15,1
0.82,-0.22,1
0.81,-0.24,1
0.77,-0.26,1
0.75,-0.27,1
0.73,-0.28,1
0.71,-0.28,1
0.66,-0.28,1
0.62,-0.28,1
0.6,-0.27,1
0.53,-0.23,1
0.44,-0.01,1
0.44,0.05,1
0.57,0.31,1
0.67,0.39,1
0.73,0.43,1
0.81,0.46,1
0.91,0.48,1
1.02,0.48,1
1.16,0.46,1
1.3,0.38,1
1.43,0.24,1
1.5,0.03,1
1.46,-0.21,1
1.31,-0.4,1
1.09,-0.48,1
0.7,-0.34,1
0.59,0.09,1
0.79,0.4,2
1.61,0.17,1
0.61,-0.08,2
0.61,-0.09,1
0.6,-0.1,1
0.59,-0.12,1
0.58,-0.13,1
0.57,-0.14,1
0.54,-0.16,1
0.52,-0.17,1
0.48,-0.18,1
0.47,-0.18,1
0.45,-0.17,1
0.43,-0.16,1
0.42,-0.16,1
0.41,-0.15,2
0.39,-0.13,1
0.38,-0.12,1
0.37,-0.1,2
0.36,-0.07,1
0.35,-0.04,1
0.35,-0.03,1
0.35,-0.02,1
0.35,0.01,1
0.35,0.04,1
0.36,0.05,1
0.37,0.1,1
0.39,0.14,1
0.41,0.18,1
0.48,0.26,1
0.55,0.31,1
0.58,0.33,1
0.61,0.35,1
0.64,0.36,1
0.67,0.37,1
0.71,0.38,1
0.75,0.39,1
0.84,0.4,1
0.95,0.38,1
1.0,0.36,1
1.06,0.33,1
1.11,0.29,1
1.16,0.24,1
1.21,0.18,1
1.26,0.03,1
1.2,-0.22,1
1.14,-0.28,1
1.07,-0.33,1
0.98,-0.36,1
0.82,-0.34,1
0.61,0.03,1
0.73,0.28,1
0.93,0.4,1
1.3,0.34,1
1.43,-0.24,1
0.79,-0.33,1
1.09,0.42,1
1.12,0.39,1
1.14,0.35,1
1.17,0.31,1
1.19,0.27,1
1.2,0.22,1
1.22,0.18,1
1.23,0.13,1
1.24,0.08,1
1.25,0.04,1
1.25,-0.01,1
1.25,-0.06,1
1.24,-0.11,1
1.23,-0.16,1
1.22,-0.2,1
1.2,-0.25,1
1.18,-0.29,1
1.1,-0.41,1
1.04,-0.48,1
1.0,-0.51,1
0.85,-0.59,1
0.81,-0.6,1
0.77,-0.61,1
0.62,-0.62,1
0.32,-0.49,1
0.14,0.2,1
0.18,0.33,1
0.25,0.48,1
0.32,0.59,1
0.48,0.8,1
0.57,0.88,1
0.68,0.96,1
0.99,1.11,1
1.23,1.17,1
1.53,1.17,1
1.91,1.05,1
2.3,0.75,1
2.57,0.21,1
2.51,-0.45,1
2.12,-0.97,1
1.6,-1.18,1
1.14,-1.16,1
0.81,-1.02,1
0.58,-0.82,1
0.43,-0.62,1
0.33,0.32,1
0.52,0.76,1
1.76,1.4,1
1.04,-1.28,1
0.4,0.46,1
